sample_id,split_idx,T_true_max_K,T_pred_max_K,abs_hotspot_err_K,true_hotspot_row,true_hotspot_col,pred_hotspot_row,pred_hotspot_col,hotspot_dist_px,hotspot_exact_match,sample_T_mae_K,sample_T_rmse_K
0,0,321.6639404296875,323.74450563832715,2.080565208639655,5,6,5,6,0.0,1,2.276338032309336,2.67734775191296
1,1,346.4503479003906,343.46162711511965,2.9887207852709707,10,14,10,14,0.0,1,1.205309644971475,1.6056811221334684
2,2,441.1980895996094,432.9465858686777,8.251503730931688,3,0,3,4,4.0,0,5.752834499196897,6.971119270535688
3,3,344.740966796875,342.16270431608854,2.5782624807864636,23,23,23,22,1.0,0,0.9137254981638084,1.1891667316370278
4,4,305.5160217285156,304.4656730069579,1.0503487215577252,15,19,15,19,0.0,1,0.588089105560166,0.7406461792634912
5,5,432.36370849609375,454.57304750951863,22.20933901342488,16,24,7,26,9.219544457292887,0,12.5806043713393,13.421806224503467
6,6,327.71710205078125,326.6241511068996,1.0929509438816467,15,16,16,16,1.0,0,0.9158813415692006,1.1827852277301236
7,7,302.5934753417969,303.15173270677593,0.5582573649790561,27,31,30,29,3.605551275463989,0,0.3355744778715371,0.4150596771608888
8,8,327.9828186035156,328.1306317832067,0.14781317969107022,25,15,8,8,18.384776310850235,0,0.9036064008830749,1.175590375150398
9,9,326.4597473144531,320.2908308940254,6.168916420427706,6,13,0,7,8.48528137423857,0,1.0463354834530627,1.3423231264167417
10,10,352.45526123046875,349.30217838542217,3.1530828450465833,26,18,25,18,1.0,0,0.783267428208934,1.4433533144251598
11,11,360.8747253417969,366.5312828316168,5.656557489819932,16,20,15,20,1.0,0,1.521945279764582,1.9447699505301115
12,12,320.00860595703125,322.010889762987,2.0022838059557557,9,22,10,22,1.0,0,4.129733809766142,4.354430161158071
13,13,312.7070007324219,314.1795212129577,1.4725204805358203,23,23,23,23,0.0,1,0.8102585481923035,0.9824274563255101
14,14,344.1192932128906,350.8195883251197,6.700295112229071,0,0,4,1,4.123105625617661,0,1.5732019710292917,2.0163881088922317
15,15,310.1332702636719,311.4293214937511,1.2960512300792288,14,13,14,14,1.0,0,0.46119186003679047,0.5686077944771503
16,16,320.693359375,324.62468448047946,3.931325105479459,17,14,16,17,3.1622776601683795,0,1.1210388333032864,1.4271431355860251
17,17,383.3002014160156,379.7074660414703,3.5927353745453274,10,28,10,28,0.0,1,1.6510570895067969,2.5515841544137
18,18,395.6690979003906,418.3171944613844,22.648096560993793,9,6,17,3,8.54400374531753,0,12.46822366724306,12.872111029032736
19,19,317.177490234375,318.40826800756685,1.2307777731918463,0,30,3,28,3.605551275463989,0,1.1867922568373663,1.5071478948419381
20,20,339.90814208984375,340.91249246078416,1.004350370940415,12,0,8,1,4.123105625617661,0,3.925948357546875,4.311394845182559
21,21,303.99212646484375,302.88364156569156,1.108484899152188,18,12,17,13,1.4142135623730951,0,0.384609590488464,0.5015669872072755
22,22,371.7757568359375,370.54494221124315,1.2308146246943465,28,17,27,14,3.1622776601683795,0,11.149183340874078,13.546642357389734
23,23,316.378662109375,318.3003922854742,1.9217301760991745,9,6,9,7,1.0,0,0.7199738489519092,0.9626819555610275
24,24,332.2630310058594,331.698388654595,0.5646423512643537,0,0,21,9,22.847319317591726,0,1.8937070747017022,2.1893999724059654
25,25,334.2868347167969,333.2410962972568,1.0457384195401005,25,20,24,20,1.0,0,1.186815322297678,1.638958198788148
26,26,476.6677551269531,457.60691244608375,19.06084268086937,20,9,4,18,18.35755975068582,0,16.73186405183207,17.851070653603497
27,27,340.5230407714844,341.75586522337693,1.2328244518925544,11,13,0,17,11.704699910719626,0,1.5787421325608757,1.9046115866866653
28,28,463.9883117675781,469.5174374661926,5.52912569861445,22,8,22,8,0.0,1,6.336744972693574,7.879423828281273
29,29,328.8042297363281,342.95262166203867,14.148391925710541,11,8,11,8,0.0,1,1.123886532233727,1.60169728637919
30,30,359.0202941894531,360.7862259358137,1.765931746360593,18,5,22,9,5.656854249492381,0,2.3227844220691996,3.058398988810576
31,31,389.90863037109375,400.0145355605033,10.105905189409555,27,27,27,27,0.0,1,6.345609174634581,7.225818061350854
32,32,400.6214904785156,412.72734847108836,12.105857992572737,2,21,1,22,1.4142135623730951,0,3.7500560628860042,4.851440953319435
33,33,314.40777587890625,310.9201715646894,3.487604314216867,12,22,12,22,0.0,1,0.3042332523286487,0.45342194657874074
34,34,329.1271057128906,330.01483740911726,0.8877316962266377,12,14,12,14,0.0,1,0.7788494625659006,1.014625287496646
35,35,351.04266357421875,342.34499873404224,8.697664840176515,4,13,4,12,1.0,0,1.0669786682946063,1.5248849101886677
36,36,308.267333984375,305.7816731846139,2.485660799761092,16,19,15,18,1.4142135623730951,0,1.0082160735290042,1.1833249732825426
37,37,432.77313232421875,422.2822709447004,10.490861379518378,23,10,24,10,1.0,0,3.2183134283761117,4.011570249669363
38,38,342.7654724121094,347.6104462872962,4.844973875186838,17,3,20,3,3.0,0,3.2829328303404117,3.582611498380989
39,39,308.7508239746094,309.52674347882953,0.7759195042201554,23,0,22,1,1.4142135623730951,0,0.7714674499005345,0.9156368396137844
40,40,375.1368713378906,383.9807920267475,8.843920688856883,4,13,4,12,1.0,0,5.812272659212473,6.66020728819277
41,41,370.3293151855469,354.870747262294,15.458567923252872,18,20,18,21,1.0,0,0.8550729071639398,2.139140151587893
42,42,445.1618957519531,463.21461208235957,18.05271633040644,15,0,17,0,2.0,0,6.950638378820664,8.809562935905166
43,43,333.32061767578125,342.87659486591866,9.555977190137412,16,30,19,30,3.0,0,2.031232356760725,2.806937228159016
44,44,456.6128845214844,469.35002765913106,12.737143137646683,13,26,14,27,1.4142135623730951,0,7.435251303429947,8.951324706044806
45,45,327.8026428222656,327.21343620287024,0.5892066193953838,20,13,13,14,7.0710678118654755,0,0.911654249575955,1.1291674243784995
46,46,342.0775146484375,351.60261443838664,9.525099789949138,29,20,21,2,19.697715603592208,0,3.4528417704057244,4.220118056020929
47,47,360.9669494628906,344.8262771882836,16.140672274607027,27,26,27,26,0.0,1,2.9279369117160723,4.147178985401465
48,48,372.37042236328125,362.3239881236548,10.046434239626478,28,3,28,2,1.0,0,3.953951675525234,4.873561725505207
49,49,315.1893310546875,315.63282147399207,0.4434904193045668,30,29,30,29,0.0,1,0.5819273327005476,0.7454770964106858
50,50,307.0683288574219,307.0743367494634,0.006007892041509422,3,14,1,14,2.0,0,0.83228491328898,0.9267771255715309
51,51,336.86090087890625,331.96943986227257,4.891461016633684,28,13,29,12,1.4142135623730951,0,0.8887265236968611,1.2955257002172682
52,52,320.5213317871094,321.13994155208434,0.6186097649749627,7,15,0,11,8.06225774829855,0,0.7583698131851617,0.9592750503173649
53,53,397.3250427246094,405.03652943817303,7.711486713563659,12,17,13,17,1.0,0,3.078591405226894,3.7646182596143025
54,54,350.7122802734375,346.81623122005647,3.8960490533810344,28,8,28,8,0.0,1,1.2292585510848306,1.7822308627705945
55,55,347.7845764160156,348.45872767718345,0.6741512611678218,31,0,30,0,1.0,0,1.8850155146516328,2.368780763801029
56,56,319.17413330078125,309.7179722907508,9.456161010030428,10,15,8,13,2.8284271247461903,0,0.5219882620157141,0.7590741113899934
57,57,333.47235107421875,334.56564255477014,1.093291480551386,23,4,23,5,1.0,0,1.399657688805034,1.897005760417703
58,58,373.6761779785156,389.5802575611403,15.90407958262466,16,9,9,7,7.280109889280518,0,7.048193485213748,7.578339491792364
59,59,330.0942687988281,339.4823058297237,9.388037030895589,27,11,9,13,18.110770276274835,0,2.110889332798183,2.72247633124844
60,60,389.2981262207031,389.95829494219885,0.6601687214957224,16,18,16,30,12.0,0,3.406133944425388,4.429247593561345
61,61,373.9815979003906,378.58037140998977,4.598773509599141,17,5,17,3,2.0,0,3.4945367937570437,4.649231947633573
62,62,377.31280517578125,350.6373079827648,26.67549719301644,6,23,5,23,1.0,0,3.7081996397050636,6.392368550063349
63,63,313.4599609375,313.71810806314164,0.2581471256416421,1,31,0,30,1.4142135623730951,0,0.9090258907823117,1.1161631835011816
64,64,312.5943298339844,309.98278810670024,2.611541727284134,23,17,24,16,1.4142135623730951,0,0.3729530790431731,0.47340975554140774
65,65,382.8853759765625,391.8343768993436,8.949000922781124,7,15,21,14,14.035668847618199,0,2.12937942306367,2.7079693649906167
66,66,341.2316589355469,334.42118659403843,6.810472341508444,7,5,7,6,1.0,0,2.5536200131666424,2.9376862379491566
67,67,381.7274169921875,402.55707832173897,20.82966132955147,26,2,27,2,1.0,0,4.2625245755067285,5.415364990440864
68,68,353.7958984375,355.2868164742727,1.4909180367727117,16,15,16,15,0.0,1,2.176394951856162,2.7659139448515275
69,69,358.0301208496094,366.0550431601633,8.024922310553904,0,0,1,0,1.0,0,11.150033745405587,11.24992752511641
70,70,332.2593688964844,330.4605736702715,1.7987952262128601,22,23,22,23,0.0,1,0.9723699685166637,1.217440127645097
71,71,307.3751220703125,304.16417996529304,3.2109421050194555,22,8,22,8,0.0,1,0.5230233468664274,0.6771022653209772
72,72,336.2515563964844,343.81365651232056,7.562100115836188,16,15,16,16,1.0,0,5.000063670920315,5.1348468841573816
73,73,312.40850830078125,312.9865992804552,0.5780909796739593,4,31,4,31,0.0,1,0.5467958491139837,0.6772304373435276
74,74,345.432373046875,349.36656139755803,3.93418835068303,15,16,14,15,1.4142135623730951,0,4.101264664995137,6.391974350921765
75,75,329.4224548339844,329.4736844454379,0.051229611453550206,15,16,16,15,1.4142135623730951,0,1.6081888234427368,1.883705526919466
76,76,319.160400390625,327.14652600346625,7.986125612841249,11,10,11,8,2.0,0,6.520705052538689,6.656398610271712
77,77,361.8754577636719,353.5583266253556,8.317131138316256,25,16,24,15,1.4142135623730951,0,1.9319103362999435,2.5708525800567
78,78,338.4612731933594,342.99440306025997,4.533129866900595,28,0,31,1,3.1622776601683795,0,3.165120062046233,3.914443105461792
79,79,395.9775390625,404.2885085460107,8.31096948351069,13,15,13,14,1.0,0,2.767397769880489,3.652867966125059
80,80,313.0486755371094,313.3752496053336,0.326574068224204,17,17,17,17,0.0,1,0.6458875675424627,0.7931426552162575
81,81,403.02734375,450.2802241529405,47.25288040294049,10,22,12,22,2.0,0,5.196675597195066,7.826243119304822
82,82,379.45343017578125,383.3867827513892,3.9333525756079553,26,6,27,5,1.4142135623730951,0,3.9904375466399866,4.638849421951659
83,83,385.1722106933594,384.8680237658106,0.30418692754875565,16,16,16,16,0.0,1,3.31792829855361,4.052286170393253
84,84,486.5454406738281,433.5965959282359,52.948844745592226,15,15,15,15,0.0,1,3.471986131414777,6.50693218309452
85,85,330.941162109375,329.8821231195975,1.0590389897774912,22,31,22,31,0.0,1,0.8979775127827219,1.110472034387225
86,86,404.66778564453125,413.7604949583383,9.092709313807063,11,15,11,15,0.0,1,3.265525310299153,4.097709713505502
87,87,362.8266296386719,366.84904709283654,4.022417454164668,20,8,19,8,1.0,0,2.676196343572964,3.415845642726032
88,88,400.67083740234375,384.24805898802316,16.42277841432059,21,27,8,26,13.038404810405298,0,10.356548100449775,13.303662980114535
89,89,322.8465881347656,320.0620750074033,2.784513127362345,31,29,31,30,1.0,0,0.5944923094140361,0.8794792204815766
90,90,338.6536560058594,330.42469929793094,8.228956707928432,24,24,23,23,1.4142135623730951,0,9.986525664133937,10.522691244116706
91,91,339.4244384765625,351.65801745414154,12.233578977579043,24,27,24,27,0.0,1,1.010994727687986,1.55724875417826
92,92,324.98187255859375,326.8725892079409,1.890716649347155,13,17,13,18,1.0,0,0.6479790621140533,0.912501402283613
93,93,322.96221923828125,331.3616293492491,8.399410110967835,3,16,3,16,0.0,1,0.6030484807634959,0.9678503732690302
94,94,409.8226623535156,424.31341166340303,14.490749309887406,25,25,26,25,1.0,0,4.62896241781476,5.979952490982114
95,95,375.0796203613281,371.7465884092318,3.3330319520963485,15,11,15,11,0.0,1,2.422016613209262,2.8375554055929784
96,96,448.0342712402344,458.9990811818401,10.964809941605722,20,9,20,10,1.0,0,17.401426155017468,19.293660937123775
97,97,312.7721862792969,311.9872789877814,0.7849072915154807,0,11,0,10,1.0,0,0.6113675295624423,0.7533328897963866
98,98,403.3673095703125,400.62024099086136,2.7470685794511382,0,28,13,19,15.811388300841896,0,3.929045685992073,4.788264544182492
99,99,339.8896789550781,338.1684933500464,1.7211856050317351,2,5,2,5,0.0,1,1.0986144976031427,1.469106981759168
100,100,347.6647644042969,357.9179824862622,10.253218081965315,5,26,2,31,5.830951894845301,0,1.8668004690410078,2.6811328255072078
101,101,341.11358642578125,346.8583475752439,5.744761149462647,13,11,12,11,1.0,0,1.0448875112069427,1.3693074352459698
102,102,346.25634765625,346.6668368798208,0.410489223570778,16,22,16,22,0.0,1,1.0413457234546184,1.544438556357657
103,103,369.5724182128906,374.9196735095756,5.347255296684978,18,30,17,30,1.0,0,11.271047053590028,12.263155099175577
104,104,309.6124572753906,317.9757918245096,8.363334549118974,14,13,16,12,2.23606797749979,0,4.285057007385992,4.711284416744041
105,105,331.44525146484375,324.1131206317961,7.332130833047643,16,12,16,13,1.0,0,0.9620374474556107,1.269107148556082
106,106,342.34271240234375,344.7537009962943,2.410988593950549,31,31,22,31,9.0,0,2.6956366576561877,3.3073417022888956
107,107,324.2396545410156,314.7639210111428,9.475733529872798,24,24,24,24,0.0,1,0.7195515511992399,1.0690249244061933
108,108,343.5733947753906,348.0841902280155,4.510795452624848,31,29,31,30,1.0,0,0.7971355674226274,1.1928229138477335
109,109,313.7476806640625,310.0164952783692,3.7311853856933226,18,6,22,16,10.770329614269007,0,0.7457179811655812,0.9130191036642865
110,110,336.8478088378906,338.5858262041232,1.7380173662325547,16,17,16,16,1.0,0,1.4209146797436791,1.8021671987123822
111,111,325.87591552734375,327.0528451175634,1.176929590219629,15,15,16,15,1.0,0,1.4184114105107262,1.8447182196959582
112,112,320.1827087402344,317.75759055130663,2.4251181889277404,20,3,19,1,2.23606797749979,0,0.7335703797643973,1.019292948741128
113,113,368.4587097167969,379.17232568956234,10.713615972765467,14,18,13,18,1.0,0,1.737178089832753,2.328567177893324
114,114,392.6835632324219,410.2631819878053,17.57961875538342,16,9,4,9,12.0,0,7.758111912821217,8.414842507120213
115,115,385.6745910644531,369.7646059520703,15.909985112382799,8,17,7,18,1.4142135623730951,0,5.183974979690035,6.6015247918968765
116,116,309.5496826171875,313.3790131358876,3.8293305187000897,29,13,27,20,7.280109889280518,0,3.981962853927863,4.134154594258479
117,117,378.5234375,385.01384508413764,6.4904075841376425,18,11,17,12,1.4142135623730951,0,4.26557838448392,4.97188083841305
118,118,310.2299499511719,308.84319050250195,1.3867594486699204,9,31,7,27,4.47213595499958,0,1.1620022529436922,1.400891121696091
119,119,438.9898986816406,428.59759834384033,10.392300337800293,26,17,26,16,1.0,0,8.507860161027425,11.125185662493786
120,120,347.2463073730469,349.0883925646866,1.8420851916397396,27,7,27,7,0.0,1,2.381509540700534,3.2498713240748125
121,121,311.263671875,309.22921278360747,2.0344590913925344,31,18,30,26,8.06225774829855,0,0.5466483152647806,0.7130626545380367
122,122,398.5617370605469,415.2128199903665,16.65108292981961,9,21,9,21,0.0,1,4.3930272459668,5.627334066281961
123,123,333.0875549316406,339.6793731378296,6.591818206188975,23,13,23,14,1.0,0,9.439244247518094,10.242178779543986
124,124,316.8025207519531,321.2802741538128,4.4777534018596725,23,3,23,3,0.0,1,0.9981641131227096,1.3025291082138604
125,125,398.9796447753906,406.1362830996387,7.156638324248092,22,23,23,23,1.0,0,4.430011005112803,5.270825499111754
126,126,307.78790283203125,307.78358680216854,0.0043160298627071825,16,16,15,16,1.0,0,0.2931022219967528,0.3648310131334251
127,127,466.736572265625,452.8314300951619,13.90514217046308,15,27,15,27,0.0,1,26.231020107339607,26.498243562032975
128,128,322.1278991699219,314.0798257132959,8.048073456625957,24,31,23,30,1.4142135623730951,0,0.589065803263862,0.836871491839171
129,129,310.89215087890625,311.12118688354656,0.2290360046403066,24,5,24,3,2.0,0,0.5370399758801716,0.6484583619351704
130,130,470.9795227050781,470.2560951133565,0.7234275917216451,20,14,20,14,0.0,1,8.49873191097003,10.795751226347669
131,131,357.2907409667969,374.16782009236186,16.87707912556499,19,8,9,5,10.44030650891055,0,3.1985983117405667,4.163708384373122
132,132,398.3608093261719,386.1316836341591,12.229125692012758,22,8,22,8,0.0,1,4.855673091667338,5.8658123966030296
133,133,335.1582946777344,338.0836234057325,2.925328727998135,0,9,4,9,4.0,0,4.110855485637073,5.592319612871049
134,134,350.3334655761719,357.1010222316034,6.76755665543152,15,17,15,17,0.0,1,1.599586381386481,1.9163480073449854
135,135,374.4511413574219,362.1784409371096,12.272700420312276,5,0,5,0,0.0,1,2.856061392954708,5.24683462047939
136,136,317.9029235839844,318.10747904697155,0.2045554629871731,14,23,22,13,12.806248474865697,0,1.156582384542208,1.3210337483353254
137,137,360.7616271972656,353.1911867843652,7.570440412900439,9,8,9,8,0.0,1,3.6113338588854687,3.815070498510071
138,138,368.8893127441406,371.4678759687769,2.578563224636298,11,18,12,18,1.0,0,1.3573233079327196,1.898053683273625
139,139,391.52325439453125,395.01348592888337,3.4902315343521195,17,0,18,1,1.4142135623730951,0,1.9950582018478118,2.595558736756438
140,140,342.278076171875,345.2296303291945,2.9515541573194923,24,30,24,30,0.0,1,2.011852980440243,2.5524375294802653
141,141,393.3839416503906,378.3115857724735,15.072355877917119,16,23,15,23,1.0,0,2.3926797944751548,3.3592206803387117
142,142,369.737060546875,386.5221220783121,16.785061531437123,3,22,3,22,0.0,1,3.8935969030706454,4.69621661480261
143,143,400.2106628417969,404.70994613296654,4.499283291169661,3,19,4,24,5.0990195135927845,0,8.044217330319505,8.968831065016085
144,144,324.2894592285156,322.68960406053225,1.5998551679833781,14,8,13,8,1.0,0,1.6023656490915972,1.970883146700261
145,145,376.0453186035156,370.83989541533634,5.205423188179282,19,20,23,19,4.123105625617661,0,3.2222442651037175,4.045225569805567
146,146,348.56695556640625,350.02014535434984,1.453189787943586,8,27,8,27,0.0,1,1.4763201540800603,1.8686037307135472
147,147,348.521728515625,353.55470603936163,5.032977523736633,12,15,12,14,1.0,0,3.06373418820242,3.4009547498608583
148,148,346.4537658691406,350.0950200886959,3.6412542195552646,2,6,8,1,7.810249675906654,0,2.212794699096138,2.737293032070303
149,149,355.7920227050781,357.46092284630504,1.6689001412269135,25,25,25,25,0.0,1,1.532566563388254,1.8714617461110155
150,150,421.8201904296875,432.6355596538219,10.815369224134372,7,19,7,19,0.0,1,2.847788380422717,3.874269718249295
151,151,304.58001708984375,309.04043599562596,4.4604189057822055,14,11,21,1,12.206555615733702,0,1.5493249554599322,1.8369319890987754
152,152,372.94036865234375,366.5554943862658,6.384874266077929,12,25,12,26,1.0,0,2.862891403561765,3.9019550851993765
153,153,314.5955810546875,320.3471385062539,5.751557451566384,11,8,18,24,17.46424919657298,0,5.91275691181445,6.573580221620975
154,154,308.96795654296875,310.6158092256405,1.6478526826717257,10,13,9,13,1.0,0,0.577292075510233,0.749379975145185
155,155,316.50311279296875,322.5442417802207,6.041128987251966,1,26,0,27,1.4142135623730951,0,0.9238679954849321,1.3169205622978577
156,156,312.06231689453125,314.2441234471638,2.1818065526325654,17,13,18,18,5.0990195135927845,0,0.28449318974968446,0.3781182573658968
157,157,322.6816711425781,322.020676523215,0.6609946193631231,8,17,8,19,2.0,0,1.0669610367903943,1.2665921020364723
158,158,409.5844421386719,426.2900319961188,16.70558985744691,9,6,9,6,0.0,1,6.654527466960203,8.301691562868458
159,159,454.2198486328125,463.41472473985294,9.194876107040443,15,7,14,7,1.0,0,10.555282358389912,15.076289859746726
160,160,342.5747985839844,336.80193772537064,5.77286085861374,15,16,15,16,0.0,1,1.1242789964203377,1.559567335015324
161,161,409.56976318359375,386.2342137092869,23.335549474306845,22,21,22,20,1.0,0,24.622668163118718,25.042861526296758
162,162,367.97113037109375,372.6943325154912,4.723202144397476,13,14,12,14,1.0,0,3.3725182148675055,4.33580218273181
163,163,371.6556091308594,379.63818982911135,7.982580698251979,21,9,22,9,1.0,0,1.5667868683086943,1.99559635254753
164,164,369.84002685546875,363.8730148576794,5.9670119977893705,18,8,18,8,0.0,1,2.7185650933950765,3.436561926082485
165,165,317.48419189453125,313.74628593704284,3.737905957488408,14,16,14,16,0.0,1,2.1185681326554047,2.35056957139776
166,166,346.64239501953125,353.92217919683475,7.2797841773034975,19,23,19,23,0.0,1,1.3771693273111152,1.8605709383196736
167,167,384.1746520996094,356.73645548316836,27.43819661644102,4,31,4,31,0.0,1,2.94997797158889,4.492346469799064
168,168,329.7142028808594,331.7627001118603,2.0484972310009084,14,15,14,15,0.0,1,1.354969444500255,1.883607419776733
169,169,378.59954833984375,388.9689520651281,10.369403725284371,0,9,0,9,0.0,1,9.478969756412402,9.651665964410727
170,170,354.2337341308594,365.9888015564254,11.75506742556604,12,0,12,0,0.0,1,1.4336719742804858,1.9499397857172505
171,171,308.8221435546875,309.55419422029615,0.7320506656086536,9,5,8,5,1.0,0,0.7312075943302516,0.8321675166665603
172,172,374.688232421875,356.6834099304038,18.004822491471202,14,9,14,9,0.0,1,1.3395352213821843,2.434684436545647
173,173,348.16815185546875,338.95072551165924,9.217426343809507,19,20,19,20,0.0,1,0.7682946637925574,1.2447651722089152
174,174,376.2604064941406,385.5883640553296,9.327957561188953,5,26,5,26,0.0,1,2.6420246343615177,3.665442453626044
175,175,310.69635009765625,309.6713520981541,1.0249979995021476,30,0,26,1,4.123105625617661,0,1.4870795485549055,1.69934456792058
176,176,315.7713317871094,315.42002251097813,0.3513092761312464,18,16,1,7,19.235384061671343,0,0.6794993655082904,0.7869190554215524
177,177,429.17352294921875,444.7113881969261,15.537865247707373,4,29,4,29,0.0,1,3.633308131083712,4.392275440306317
178,178,333.2765197753906,338.1881827363085,4.911662960917852,12,9,15,12,4.242640687119285,0,1.700706531031769,2.151673998216624
179,179,367.0989990234375,388.4467829996798,21.347783976242283,20,16,20,16,0.0,1,3.722962461269262,4.436078012328364
180,180,357.71185302734375,373.671498169793,15.959645142449233,15,5,15,5,0.0,1,1.2398273738683092,2.193010003734928
181,181,354.0320739746094,349.7798058249434,4.252268149665952,21,17,21,17,0.0,1,1.0890727247782932,1.4684015920737696
182,182,364.44879150390625,369.0168255100489,4.568034006142625,7,11,8,11,1.0,0,2.5207346817850698,2.9667123465986953
183,183,332.45281982421875,332.711279741632,0.2584599174132336,22,10,23,10,1.0,0,0.6470559876093919,0.9092492536937193
184,184,319.3746337890625,323.24339524904184,3.868761459979339,28,31,31,30,3.1622776601683795,0,0.515124417570376,0.8138429161754344
185,185,409.4232177734375,425.25077335717395,15.827555583736455,19,23,20,22,1.4142135623730951,0,5.241882332705488,6.281205280109106
186,186,361.70172119140625,364.21699868579356,2.5152774943873055,20,29,19,29,1.0,0,3.7578744684653644,4.626017117459606
187,187,379.1145324707031,413.20599469597107,34.09146222526795,21,22,21,23,1.0,0,10.362400186422114,12.047675621241321
188,188,312.920166015625,312.0572199978553,0.8629460177696728,22,0,30,2,8.246211251235321,0,0.7910689063199561,0.858982882624408
189,189,362.0410461425781,341.1196840048383,20.921362137739834,7,0,7,0,0.0,1,1.1149629109016082,1.9225205581407383
190,190,326.26116943359375,321.2757051118123,4.985464321781478,15,19,15,19,0.0,1,0.6678959327961023,0.8886958343748562
191,191,346.67779541015625,358.72285352210355,12.045058111947299,15,17,14,17,1.0,0,2.095421636119905,2.4908513382629125
192,192,320.7939453125,317.3469971416292,3.446948170870826,23,31,23,31,0.0,1,1.6890342931237146,1.9013586740764215
193,193,323.8753356933594,319.60639638832964,4.268939305029733,8,17,8,18,1.0,0,0.49605317669540766,0.6422035244975632
194,194,319.4100341796875,318.47387744108386,0.9361567386036427,6,10,6,10,0.0,1,0.9906014054412289,1.1901156075080508
195,195,363.2586975097656,358.70894497357307,4.549752536192557,31,15,31,15,0.0,1,1.398651197049717,1.8521758026925605
196,196,401.26629638671875,424.48662596098495,23.220329574266202,23,8,23,7,1.0,0,2.7775621705921623,3.947877585814666
197,197,313.0882263183594,313.2773142169783,0.18908789861893638,17,29,25,30,8.06225774829855,0,0.4931587066650954,0.6297707478680039
198,198,362.19921875,373.96498666377937,11.76576791377937,26,26,26,26,0.0,1,15.151601949799849,15.280907461846827
199,199,348.2968444824219,351.16244076450766,2.8655962820857894,31,31,28,31,3.0,0,1.2758905120623387,1.640211615790935
200,200,378.4617614746094,370.0614195439882,8.400341930621153,16,12,16,13,1.0,0,1.9245337200074326,2.4142204046564104
201,201,355.10443115234375,337.53009552751456,17.57433562482919,31,14,31,14,0.0,1,1.8181080258425526,2.254520173661845
202,202,337.8303527832031,333.70366990737574,4.126682875827385,25,20,26,20,1.0,0,2.1254122517391094,2.5366974928732526
203,203,382.9727478027344,389.9955651114533,7.022817308718913,16,14,16,14,0.0,1,3.073896925377059,4.098835875706157
204,204,380.324951171875,389.47176885925063,9.14681768737563,29,11,30,12,1.4142135623730951,0,4.715831337996112,6.416926740214068
205,205,345.1976013183594,353.3480077992661,8.150406480906724,9,21,10,20,1.4142135623730951,0,2.47512480724114,3.006746819300315
206,206,302.9573669433594,303.6367185056355,0.6793515622761106,0,0,4,1,4.123105625617661,0,0.7625511549935142,0.8783888110137327
207,207,372.1816101074219,393.6375082869949,21.455898179573012,15,15,15,15,0.0,1,1.7223055520783952,2.951584558486321
208,208,307.90289306640625,307.23931181583276,0.6635812505734862,22,4,5,9,17.72004514666935,0,0.2921950311552182,0.3868797031366852
209,209,429.406494140625,412.91934635840295,16.487147782222053,27,19,26,13,6.082762530298219,0,7.204654387053014,15.489811973447857
210,210,459.0188293457031,459.5016864148156,0.4828570691124696,22,17,5,20,17.26267650163207,0,9.530405375905332,10.734611297788096
211,211,375.54974365234375,348.8684516699973,26.681291982346465,26,14,26,14,0.0,1,7.353357684949014,8.135213160720767
212,212,340.3420104980469,336.196922166297,4.145088331749889,23,15,24,15,1.0,0,0.7886962298918665,1.0197127517127529
213,213,382.2230529785156,390.37202590800894,8.148972929493311,16,17,17,16,1.4142135623730951,0,3.8754191822155186,4.620777402764429
214,214,382.0218200683594,406.52416730444116,24.50234723608179,10,8,10,7,1.0,0,17.609042376017314,18.787435594065265
215,215,479.0080261230469,481.5568218609487,2.5487957379017985,1,22,12,8,17.804493814764857,0,10.327555989802448,11.143867996414738
216,216,387.1940612792969,400.05390441797806,12.859843138681185,12,15,11,16,1.4142135623730951,0,5.85425292518344,7.091165858551092
217,217,319.9453125,327.79930826023,7.8539957602300206,31,9,31,9,0.0,1,1.1326864566863697,1.6157130352951536
218,218,462.64813232421875,448.6185226937679,14.029609630450864,20,25,18,30,5.385164807134504,0,26.237472886571688,26.650615313329645
219,219,320.3836975097656,323.27901417055034,2.895316660784715,15,16,15,15,1.0,0,0.5973893661135614,0.8385814926505525
220,220,320.1197204589844,328.3290817190324,8.209361260048013,0,27,0,27,0.0,1,0.5826010968267457,0.8021119271780347
221,221,321.6368713378906,323.03937233525033,1.4025009973597093,18,7,18,7,0.0,1,0.6174188781424209,0.7921354102174885
222,222,317.8978576660156,317.3413335944012,0.5565240716144331,19,8,19,9,1.0,0,0.42399736412180067,0.5440918711331256
223,223,306.453125,308.2854440913991,1.8323190913990857,15,11,14,11,1.0,0,0.492644341429073,0.6142012432419245
224,224,380.27899169921875,390.5652083724665,10.286216673247736,14,15,14,15,0.0,1,10.53203696577894,10.904513421780122
225,225,374.3533020019531,386.8458684450453,12.492566443092187,27,16,23,0,16.492422502470642,0,8.166234215592416,8.650304756521843
226,226,343.2884826660156,344.5192972140111,1.2308145479954646,28,31,27,31,1.0,0,1.4565016984851993,1.7348252650508844
227,227,313.909912109375,314.61835631009205,0.7084442007170537,14,31,15,22,9.055385138137417,0,0.4245230866097922,0.5481224991919214
228,228,318.1455993652344,318.7702758650402,0.6246764998058438,12,12,12,12,0.0,1,0.39134206643013913,0.5142889654167119
229,229,319.27447509765625,320.1254697425079,0.850994644851653,19,27,22,27,3.0,0,1.1039866823519668,1.3195072464333655
230,230,318.43994140625,324.03605694861676,5.596115542366761,4,8,19,2,16.15549442140351,0,0.8703047716198693,1.1112899711803388
231,231,353.5854797363281,352.59102729574505,0.9944524405830748,13,23,12,22,1.4142135623730951,0,1.2574652930340118,1.5692043550804269
232,232,338.6442565917969,337.0633343511694,1.5809222406275012,7,5,7,5,0.0,1,1.3235046698869573,1.6802717768766573
233,233,432.6259765625,442.3015014580566,9.675524895556578,7,8,7,8,0.0,1,3.1145879217525545,4.123221271528186
234,234,445.77398681640625,427.99397982136185,17.780006995044403,14,17,13,17,1.0,0,5.202487673489264,6.590701271447378
235,235,369.8812561035156,368.4053789069457,1.4758771965699111,7,10,16,9,9.055385138137417,0,3.2972243110251385,4.016132106148938
236,236,380.03350830078125,371.9719154091203,8.06159289166095,7,5,7,5,0.0,1,2.4840385306145163,3.3034421011757304
237,237,343.0124816894531,335.80335016799825,7.209131521454879,15,28,15,27,1.0,0,1.2272850854412256,1.7071793734282559
238,238,317.03118896484375,317.9933783899542,0.9621894251104663,23,1,24,1,1.0,0,1.135369773876204,1.3129526780759366
239,239,376.9679870605469,381.96539442244216,4.997407361895284,26,20,27,20,1.0,0,3.316503892776655,4.034287711505913
240,240,355.50689697265625,361.0292374899137,5.522340517257476,14,15,14,14,1.0,0,1.6961934845511788,2.228288083474651
241,241,321.2958679199219,326.83165335483943,5.535785434917557,2,3,2,3,0.0,1,0.7558084589062868,1.1001122751806662
242,242,317.93670654296875,314.07679964441485,3.859906898553902,2,5,0,4,2.23606797749979,0,1.2226498058050073,1.5471211386484196
243,243,372.2492980957031,379.76813337355213,7.518835277849007,19,24,25,17,9.219544457292887,0,1.452272623493748,2.1905049730522475
244,244,417.29864501953125,417.9074789445769,0.6088339250456443,24,17,24,16,1.0,0,10.906847351054417,11.371546606237455
245,245,444.3630065917969,463.61067644072375,19.247669848926876,4,18,5,19,1.4142135623730951,0,6.053760433325704,7.317035298688194
246,246,421.5154724121094,394.5815929735807,26.933879438528663,7,26,8,27,1.4142135623730951,0,4.3461289558239855,5.830699395833196
247,247,427.2129211425781,417.585909263698,9.627011878880126,14,12,14,13,1.0,0,2.4338685751080344,3.409978720534641
248,248,323.1974792480469,323.19638770275736,0.0010915452895119415,0,10,0,10,0.0,1,0.3777151893583272,0.4890346020638798
249,249,358.05047607421875,361.09178336116366,3.041307286944914,0,31,0,30,1.0,0,2.744237993460872,3.1464846601794934
250,250,371.04510498046875,366.6337805791455,4.41132440132327,18,25,18,25,0.0,1,2.5212882316512455,3.2344194485006197
251,251,316.713623046875,315.79627819864476,0.9173448482302433,7,5,17,30,26.92582403567252,0,0.7521237321734272,0.9295353714080501
252,252,331.17535400390625,332.74173803641605,1.5663840325098022,0,21,0,13,8.0,0,1.4822593645536384,1.7938999684388448
253,253,372.8134765625,388.48906846492,15.675591902420024,17,7,18,7,1.0,0,2.1552181361710048,3.050989140298799
254,254,354.4215087890625,359.1040298246823,4.6825210356198,11,7,11,8,1.0,0,0.978493600205077,1.37090122527701
255,255,316.09716796875,311.57288744876155,4.5242805199884515,0,28,31,11,35.35533905932738,0,0.8950969167006352,1.1050268214313619
256,256,316.8603820800781,311.74535583047407,5.115026249604057,5,27,5,27,0.0,1,0.6720475568017217,0.8751958195916567
257,257,323.9049987792969,329.1163210188121,5.211322239515198,21,16,21,16,0.0,1,0.6305195612738745,0.8739841621260019
258,258,375.8459777832031,383.75494486050536,7.908967077302236,17,17,16,16,1.4142135623730951,0,4.768551318277446,5.079840457074504
259,259,400.9454345703125,388.5562149636168,12.38921960669569,16,14,16,14,0.0,1,2.0792407350756266,3.0082514947419705
260,260,333.2976379394531,331.34434328636684,1.9532946530862887,2,17,2,16,1.0,0,1.1449441974904366,1.3999473988764408
261,261,319.9533386230469,321.27088486254695,1.317546239500075,15,13,15,13,0.0,1,0.8339114963791523,1.0942135078946416
262,262,315.56622314453125,316.6345817689963,1.068358624465077,19,21,30,25,11.704699910719626,0,0.4714114683720544,0.6101347874452493
263,263,319.9294738769531,314.3283338329737,5.601140043979399,4,31,16,9,25.059928172283335,0,0.5978846042725963,0.7848670397921331
264,264,310.3514099121094,311.7775618621613,1.426151950051917,9,21,9,22,1.0,0,0.3182209965278336,0.41721855152319653
265,265,342.12103271484375,350.0973781367755,7.97634542193174,21,4,21,4,0.0,1,1.1113715437419944,1.6117732051268285
266,266,345.14208984375,332.3646248225977,12.777465021152295,16,18,16,18,0.0,1,0.7080579474122273,1.164664056142108
267,267,360.1671447753906,357.9991287224986,2.1680160528920283,15,16,15,16,0.0,1,1.0320477415657499,1.295745105524304
268,268,315.8441162109375,316.28370501296257,0.4395888020250709,9,5,9,4,1.0,0,1.3649168422042857,1.6379574729513422
269,269,378.4771423339844,393.3491417020472,14.871999368062802,31,10,31,10,0.0,1,2.156134795864153,2.77937015241443
270,270,317.43511962890625,324.6224031945216,7.18728356561536,17,14,16,14,1.0,0,0.7607329882999398,0.9821541879127257
271,271,307.1758728027344,305.1862912250081,1.9895815777262555,31,5,26,7,5.385164807134504,0,0.3415440122235386,0.44470568015080886
272,272,386.94091796875,390.22082218062167,3.279904211871667,10,11,10,11,0.0,1,1.8582757611937426,2.1164634519904433
273,273,324.4192199707031,329.26691136203317,4.847691391330045,0,31,0,30,1.0,0,1.9497071853065355,2.213001420959047
274,274,309.03851318359375,313.4240660843903,4.38555290079654,23,16,22,16,1.0,0,3.344009361110406,3.6981969544241933
275,275,316.4735107421875,316.4982449325778,0.024734190390290678,13,13,10,8,5.830951894845301,0,0.7150554936883057,0.9059445114284489
276,276,343.3223876953125,358.5629457337948,15.240558038482277,24,21,23,20,1.4142135623730951,0,2.3506647332633466,3.4713915832772004
277,277,396.3743591308594,395.2452475560271,1.1291115748322795,1,20,1,20,0.0,1,1.734269252511294,2.6239187563047914
278,278,389.3457336425781,388.46242410934815,0.8833095332299763,14,7,13,7,1.0,0,3.2258113456101993,4.76292078849436
279,279,371.2392578125,368.6118597108562,2.6273981016437915,12,15,12,14,1.0,0,4.683851383727259,5.280665291256578
280,280,340.91259765625,341.2101347532099,0.2975370969598998,10,12,9,20,8.06225774829855,0,1.4710909809159516,1.8111576045215207
281,281,329.2880859375,335.22066437063523,5.932578433135234,12,11,12,11,0.0,1,0.9301265997647123,1.2171283985821013
282,282,320.5785217285156,324.5612553980559,3.9827336695402664,3,31,4,30,1.4142135623730951,0,0.7660882244895668,1.061801212746723
283,283,358.84716796875,364.03730662918974,5.190138660439743,10,18,15,16,5.385164807134504,0,2.5992535078833647,3.273963557702243
284,284,474.37054443359375,457.39262903310185,16.977915400491895,8,4,9,4,1.0,0,20.84953487128972,21.40861166060111
285,285,312.1531066894531,312.8697700046476,0.7166633151944666,4,28,3,28,1.0,0,1.647554341078817,1.7882811146303115
286,286,334.21966552734375,340.1573877658784,5.937722238534661,7,19,8,19,1.0,0,3.6666362005084454,4.350315596198709
287,287,335.4600524902344,334.0837997343571,1.3762527558772604,0,13,3,13,3.0,0,0.6222151207527883,0.9379960015369285
288,288,341.4795837402344,342.41443718283296,0.9348534425985804,12,17,12,18,1.0,0,2.3562333118658314,2.707632060318167
289,289,325.054931640625,329.7946721915436,4.7397405509186115,29,3,29,3,0.0,1,0.7608403730930845,1.0164029543080997
290,290,311.98834228515625,312.7068463119702,0.718504026813946,7,12,7,12,0.0,1,0.7659266156185235,0.9478528165246909
291,291,374.5831604003906,397.6960953934201,23.112934993029455,8,13,15,25,13.892443989449804,0,18.455745337872187,18.63847972697971
292,292,345.0599365234375,351.0347530639899,5.9748165405524105,0,12,0,12,0.0,1,1.0939514952052507,1.556139007525118
293,293,465.0907897949219,466.9751563170845,1.8843665221626225,18,18,1,28,19.72308292331602,0,16.878596993574682,17.704991489146764
294,294,321.4380187988281,324.81074806404905,3.3727292652209258,31,2,31,2,0.0,1,0.8143012480870018,1.0235201824782278
295,295,380.704833984375,382.77796356658934,2.073129582214335,0,19,0,19,0.0,1,2.0018963969225845,2.815922108776566
296,296,323.46783447265625,328.88689398237534,5.419059509719091,6,20,10,20,4.0,0,3.2319559207467448,3.346452878635852
297,297,309.5113830566406,306.96934761277214,2.5420354438684853,16,13,15,7,6.082762530298219,0,0.4207039846522336,0.5185266025398512
298,298,332.1096496582031,336.33630488345085,4.226655225247725,0,24,0,24,0.0,1,1.101421279516782,1.3491905513067348
299,299,317.8341979980469,318.15666367559163,0.32246567754475564,11,11,12,11,1.0,0,0.8046098814375642,0.9958891271187761
300,300,328.0445861816406,334.7102096533871,6.665623471746471,16,16,16,16,0.0,1,0.673088289094312,0.9903763770422237
301,301,333.291015625,335.1883177578344,1.8973021328343975,22,23,19,7,16.278820596099706,0,1.5138183841061101,1.9851614659924561
302,302,337.63275146484375,336.93148341264765,0.7012680521960988,28,8,27,8,1.0,0,0.9187992466551221,1.4708395832486443
303,303,369.25115966796875,358.1155963025128,11.135563365455937,15,19,14,20,1.4142135623730951,0,8.533628269835244,10.023919701782205
304,304,352.54107666015625,353.173976033174,0.6328993730177217,15,0,15,0,0.0,1,1.1328999638038009,1.4501250463207234
305,305,320.0217590332031,320.7138451119395,0.6920860787363949,6,23,5,23,1.0,0,0.7428766490938279,0.9685946879093055
306,306,317.4945373535156,316.53544089359787,0.9590964599177596,5,19,5,3,16.0,0,0.7378074431173792,0.9807282073860064
307,307,388.32196044921875,399.86013443552173,11.53817398630298,17,9,17,9,0.0,1,5.535847409641427,6.689127658377834
308,308,318.0796203613281,313.9118852674908,4.1677350938373365,6,14,6,13,1.0,0,0.56299882008474,0.7158544370936935
309,309,329.7642822265625,334.28853397322257,4.52425174666007,11,28,11,28,0.0,1,0.8283407122603179,1.0732770534067764
310,310,374.8011779785156,391.3284419769396,16.52726399842396,7,9,6,5,4.123105625617661,0,2.045074623871805,2.796346294607216
311,311,335.1495361328125,338.35322514378794,3.203689010975438,13,22,13,22,0.0,1,1.362320070389596,1.6085294653481579
312,312,330.266845703125,349.0066914199989,18.7398457168739,8,7,8,8,1.0,0,5.907229077189868,6.7248457739484415
313,313,324.6116638183594,326.25846420717113,1.646800388811755,31,14,31,14,0.0,1,0.8899338547250009,1.2120614316990796
314,314,324.4665222167969,322.83817123325053,1.6283509835463406,0,10,0,11,1.0,0,0.5488758796378528,0.7060396892250724
315,315,313.65606689453125,314.05194438522693,0.3958774906956819,16,25,16,26,1.0,0,0.9889053858486873,1.1728710861559448
316,316,348.51519775390625,355.83526505828684,7.320067304380586,16,12,15,12,1.0,0,1.4744414807516124,1.761881443706743
317,317,343.7861022949219,343.58904320218716,0.1970590927347189,11,2,11,1,1.0,0,2.5070164627295344,2.9408988096942745
318,318,326.85430908203125,333.1224558627353,6.268146780704058,0,31,0,30,1.0,0,1.9442678607402752,2.406782646539301
319,319,383.53631591796875,363.04917829893265,20.487137619036105,22,23,22,23,0.0,1,2.3634776624793092,3.280366179311735
320,320,317.6423034667969,314.84256748371087,2.799735983086009,7,6,7,6,0.0,1,0.8596701523385571,1.044645252165881
321,321,405.5904541015625,423.1345400114368,17.544085909874298,4,18,4,18,0.0,1,1.9419211917337744,3.20596308051454
322,322,314.7717590332031,315.3281464160932,0.5563873828900796,17,21,17,20,1.0,0,0.4233593553452753,0.5856173762751596
323,323,484.072509765625,432.9689119595565,51.10359780606848,23,12,23,12,0.0,1,8.699984514648195,10.952469377122375
324,324,364.3380432128906,357.352060853491,6.9859823593996,7,11,7,10,1.0,0,2.0949026500218277,2.5694578116199183
325,325,309.4292907714844,308.6836857212206,0.7456050502637481,31,4,28,0,5.0,0,0.5209638663487298,0.6113387820268918
326,326,323.1596984863281,327.86522614275754,4.70552765642941,20,0,6,11,17.804493814764857,0,1.0196078580135255,1.4943944304886922
327,327,325.7714538574219,330.55291595329703,4.781462095875156,5,0,7,0,2.0,0,0.6197959698630049,0.9123993468981849
328,328,336.1303405761719,337.9205457387505,1.7902051625786157,12,14,12,14,0.0,1,0.8480567179691234,1.1228602936591572
329,329,339.262939453125,333.2978225760505,5.965116877074479,20,20,20,21,1.0,0,2.3261226561156114,2.6773343280953665
330,330,443.5818176269531,440.42694634351494,3.154871283438183,16,18,16,18,0.0,1,18.260136780273196,21.759068974593113
331,331,333.7223205566406,326.31336914505783,7.408951411582791,5,31,5,31,0.0,1,1.1519366536695181,1.4077084103685047
332,332,345.6075439453125,348.09381362900547,2.486269683692967,15,20,19,26,7.211102550927978,0,1.8030248970059826,2.359559340290273
333,333,334.8177185058594,342.33702786451215,7.519309358652777,16,22,15,22,1.0,0,1.637801548988227,1.9918104618810346
334,334,322.9660949707031,312.7638534098161,10.202241560887046,13,15,12,16,1.4142135623730951,0,3.3675425448198473,4.0154309067176
335,335,312.87579345703125,311.6233721881926,1.2524212688386456,3,3,3,4,1.0,0,0.6448200551413186,0.8353544451607882
336,336,307.1166687011719,305.489013402862,1.6276552983098895,25,25,28,30,5.830951894845301,0,0.9242491441142098,1.101622891260133
337,337,348.4205627441406,352.5602233994791,4.139660655338503,14,10,13,9,1.4142135623730951,0,1.8203866454682427,2.513839067857229
338,338,367.2957763671875,365.5814119750103,1.714364392177174,13,14,13,14,0.0,1,2.2619656553168053,3.1536182533122337
339,339,350.005615234375,346.26414611404266,3.74146912033234,25,23,24,23,1.0,0,1.2881721054203183,1.6630555921844206
340,340,433.98394775390625,408.3709933074505,25.612954446455774,19,15,19,15,0.0,1,2.1015928065023175,3.7572283563857125
341,341,333.90435791015625,325.5782910263658,8.326066883790475,7,19,7,19,0.0,1,0.8270687527895957,1.4546852317369094
342,342,316.5591735839844,316.75311582565575,0.19394224167137963,23,13,18,28,15.811388300841896,0,0.836208903068803,1.0563311348946334
343,343,318.4186706542969,318.93314588097195,0.5144752266750743,15,22,14,23,1.4142135623730951,0,0.645195728731154,0.7662613437856687
344,344,418.9738464355469,418.9827308009138,0.008884365366952807,31,14,6,16,25.079872407968907,0,2.6398595608989517,3.2489269245971903
345,345,347.03875732421875,359.41135657201113,12.37259924779238,22,10,1,1,22.847319317591726,0,3.2072494185660734,3.7425819471779063
346,346,332.2576599121094,340.23822304078925,7.980563128679876,0,10,0,10,0.0,1,1.9736905387325108,2.835750730460658
347,347,306.3935546875,304.131459625186,2.2620950623140175,29,0,28,1,1.4142135623730951,0,0.3226308356637594,0.46596082968266095
348,348,389.38519287109375,394.61043468508416,5.225241813990408,20,24,20,23,1.0,0,3.1305461985809053,4.694027538732638
349,349,311.4554138183594,311.3354019658529,0.1200118525064795,15,11,27,30,22.47220505424423,0,0.6486591112510991,0.7790055378971004
350,350,381.9188537597656,374.74307239282564,7.175781366939987,19,13,19,13,0.0,1,2.601091986921328,3.468463967345159
351,351,413.27459716796875,427.4874248993785,14.212827731409732,9,0,8,1,1.4142135623730951,0,11.550802334988376,12.126320172965594
352,352,332.27496337890625,330.56606224447955,1.7089011344266964,7,20,18,17,11.40175425099138,0,1.476129585462425,1.74176513170094
353,353,340.8165283203125,347.09996183181227,6.283433511499766,27,23,27,23,0.0,1,3.8734047807127054,4.10164938463881
354,354,338.7036437988281,336.6115035402801,2.0921402585479996,16,14,16,14,0.0,1,0.922302118822404,1.1435332081194232
355,355,316.7637634277344,321.2384895638424,4.474726136108018,13,8,19,9,6.082762530298219,0,0.6313196945918156,0.8203550730618815
356,356,309.80047607421875,310.4896029457971,0.6891268715783667,8,28,7,29,1.4142135623730951,0,0.6469747411852309,0.7721542114695465
357,357,311.58380126953125,310.1408967331293,1.4429045364019544,11,1,11,1,0.0,1,0.9641776720713239,1.352740267326981
358,358,335.6890563964844,348.0800683834724,12.391011986988019,16,2,16,2,0.0,1,0.8801655084693851,1.7261755661390819
359,359,301.1185607910156,299.642307241991,1.4762535490246478,28,15,6,0,26.627053911388696,0,0.39752011621545635,0.4921464702914091
360,360,375.4848937988281,393.6965810879632,18.211687289135057,17,8,16,9,1.4142135623730951,0,2.9697336819999745,3.846957881848301
361,361,382.62139892578125,396.1554279873945,13.53402906161324,10,3,10,3,0.0,1,2.2390724205736214,2.843811059995943
362,362,336.2813720703125,346.2555837365861,9.974211666273618,18,28,18,28,0.0,1,10.332239227100544,10.424778878876664
363,363,343.2623291015625,343.258073099206,0.004256002356498811,19,12,16,17,5.830951894845301,0,1.0709938447348013,1.3019031120713034
364,364,355.939208984375,349.7165056598636,6.222703324511372,22,29,22,29,0.0,1,1.9713378366408645,2.5670810324986837
365,365,326.9039611816406,333.62551451520864,6.721553333568011,16,22,16,22,0.0,1,0.9750634293406905,1.2259368407738822
366,366,322.9742126464844,327.3983292629181,4.424116616433707,14,11,14,12,1.0,0,0.7522436510239274,1.0263804081505359
367,367,305.5805969238281,303.297793287422,2.282803636406129,14,0,11,2,3.605551275463989,0,0.8232999708221496,0.9544937034377939
368,368,348.7560119628906,346.13258819120165,2.6234237716889766,27,12,27,13,1.0,0,1.2187930038252914,1.5713415084289495
369,369,365.5311279296875,374.77768904216845,9.246561112480947,18,19,18,18,1.0,0,8.107412566868872,8.320927677669616
370,370,338.7306213378906,341.8834199710356,3.1527986331449824,10,16,10,16,0.0,1,2.062957051878541,2.6169703107959768
371,371,382.6104431152344,404.26660919555263,21.656166080318258,9,11,9,12,1.0,0,4.9419109236959615,6.5124953475360154
372,372,344.1767578125,341.96571250310166,2.2110453093983438,10,19,5,12,8.602325267042627,0,1.1943621039433066,1.6817017330788677
373,373,328.8679504394531,320.1807511720524,8.687199267400729,19,5,18,6,1.4142135623730951,0,1.8779874165034356,2.229612937780369
374,374,465.2986145019531,436.19316844732265,29.105446054630477,10,23,10,22,1.0,0,6.868614666768508,9.765110545898354
375,375,333.854248046875,333.3156930132785,0.5385550335964808,24,14,24,14,0.0,1,0.6303494682399122,0.8763593539502249
376,376,392.2995910644531,397.6786352204227,5.379044155969552,31,3,31,4,1.0,0,2.2635776518709743,2.8923431108068476
377,377,317.01409912109375,321.038372444218,4.024273323124248,0,19,0,18,1.0,0,1.106712054325872,1.4114358412563166
378,378,345.5469665527344,344.89832029125233,0.6486462614820425,24,6,23,7,1.4142135623730951,0,1.4053026980677727,2.1596372616157646
379,379,341.52978515625,336.26617606551474,5.263609090735258,10,18,10,18,0.0,1,1.900219277700422,2.1657835036053075
380,380,341.64404296875,340.08681800868345,1.5572249600665486,5,22,6,21,1.4142135623730951,0,1.9605195694570192,2.5961382887037185
381,381,341.9590148925781,340.3203112308741,1.638703661704028,11,8,11,9,1.0,0,1.165594851087507,1.4605009084732807
382,382,322.0731506347656,323.7288581414865,1.655707506720887,12,8,9,5,4.242640687119285,0,0.6985114064184693,0.8682223214156604
383,383,332.8890075683594,334.7705378223862,1.8815302540268135,6,20,6,20,0.0,1,0.7376007764412968,0.9451143513249493
384,384,399.1896667480469,417.6344019996374,18.444735251590544,11,7,15,8,4.123105625617661,0,8.830858931604688,9.454192934258014
385,385,330.5221252441406,327.0319849743785,3.4901402697621506,9,9,7,27,18.110770276274835,0,0.981896330876306,1.3671237127475204
386,386,321.5966796875,322.70743236758534,1.1107526800853407,2,23,0,22,2.23606797749979,0,0.867272651527408,1.1354308255581305
387,387,325.41680908203125,326.48709438665924,1.070285304627987,12,11,15,14,4.242640687119285,0,0.8466842701605506,1.1200646461902288
388,388,325.6611022949219,323.32280345039806,2.3382988445238198,25,27,0,22,25.495097567963924,0,2.343194106276015,2.5233235627675104
389,389,314.1533508300781,309.96560321238604,4.187747617692082,19,25,19,25,0.0,1,0.44737410771750286,0.5808056041762365
390,390,363.9713439941406,367.4565968407385,3.4852528465978594,6,14,6,14,0.0,1,2.3569219098491416,3.2766044066321074
391,391,318.89764404296875,319.3052752988347,0.40763125586596516,1,30,2,27,3.1622776601683795,0,0.39783155682359506,0.4973944220610991
392,392,314.3978576660156,316.91092366075367,2.5130659947380423,23,22,24,20,2.23606797749979,0,2.493782531311675,2.7681188183404606
393,393,315.69659423828125,316.09966918661485,0.4030749483335967,13,22,12,22,1.0,0,1.0613471564019388,1.2027746108047173
394,394,345.3457946777344,339.8466766082635,5.499118069470853,0,16,0,17,1.0,0,1.478546939060033,2.03958543699798
395,395,413.9885559082031,416.94482615006615,2.956270241863024,0,8,2,16,8.246211251235321,0,3.7270936311802543,4.443862748973506
396,396,357.61920166015625,355.7627041185671,1.8564975415891354,26,31,26,0,31.0,0,1.6479987109136254,2.035022598133563
397,397,382.5586242675781,387.633712792905,5.075088525326862,20,22,2,16,18.973665961010276,0,2.1276398549362088,2.6835111181271327
398,398,356.2660827636719,374.4666603073861,18.200577543714246,31,3,31,3,0.0,1,15.922416606214195,16.041095809962027
399,399,428.57843017578125,397.12091577481874,31.45751440096251,29,2,28,3,1.4142135623730951,0,2.5883093252784435,6.598537925056205
400,400,343.4145812988281,337.7311604590105,5.683420839817643,31,4,31,5,1.0,0,1.4298035773971578,1.8724077643404307
401,401,321.70220947265625,323.3994991427164,1.6972896700601723,29,0,23,2,6.324555320336759,0,2.0625431615546646,2.2904484445334083
402,402,372.2810974121094,366.99172793893814,5.289369473171234,26,20,26,20,0.0,1,2.717015698840452,3.4837581623346545
403,403,418.9891052246094,402.86024550108937,16.12885972352001,19,25,19,25,0.0,1,2.965690540949684,4.12557977556321
404,404,444.56103515625,460.9252112845072,16.364176128257213,20,13,20,13,0.0,1,3.6502108601338445,5.33145117722457
405,405,355.66632080078125,364.2141395616897,8.547818760908456,17,8,18,8,1.0,0,2.026306594671866,2.6922460080576274
406,406,428.3856506347656,415.8853827637666,12.50026787099904,24,14,24,14,0.0,1,3.1349686109713977,4.361425104085572
407,407,320.4854736328125,320.9009675676895,0.4154939348770199,17,20,28,30,14.866068747318506,0,0.9862511781058184,1.1826487730425643
408,408,353.30029296875,340.1499684195807,13.150324549169284,26,8,6,26,26.90724809414742,0,1.0311250372489575,1.7191133506889433
409,409,333.8115539550781,333.82024889920467,0.008694944126546034,17,20,17,20,0.0,1,1.0504344527082434,1.2913433947439241
410,410,329.7139892578125,325.79500198269136,3.9189872751211396,9,6,8,7,1.4142135623730951,0,3.3075421706768786,3.649696571885843
411,411,453.0591735839844,434.07129863941196,18.98787494457241,17,14,17,14,0.0,1,6.214815388878272,7.508309084300503
412,412,339.7499694824219,339.7168521746881,0.0331173077337894,22,15,23,17,2.23606797749979,0,3.4686002598780936,5.090305236510231
413,413,311.8067626953125,312.46436262691645,0.6575999316039542,18,15,18,14,1.0,0,0.5767343700852513,0.6995910057219145
414,414,395.406494140625,403.7886860849034,8.382191944278418,31,17,30,17,1.0,0,4.183086788972673,5.630350752905641
415,415,368.5248718261719,373.41404250795676,4.88917068178489,11,16,12,16,1.0,0,1.5461286385932653,1.9685720419913662
416,416,327.0445556640625,326.64493470130424,0.399620962758263,16,14,8,17,8.54400374531753,0,0.9734193469038829,1.2176499289219476
417,417,321.2895812988281,318.7526278365608,2.53695346226732,10,24,10,24,0.0,1,1.4310346216106498,1.8102507132265877
418,418,319.8583068847656,316.3470774145123,3.5112294702533404,11,21,11,21,0.0,1,0.5500640739880106,0.7167032421259382
419,419,359.6744689941406,360.37347854008567,0.6990095459450458,23,0,23,0,0.0,1,1.462453208021207,2.080629802843362
420,420,357.73992919921875,385.51565130708667,27.77572210786792,23,23,22,22,1.4142135623730951,0,8.647843532959383,9.89617455724583
421,421,353.1009521484375,345.4621525251683,7.638799623269222,17,0,18,0,1.0,0,0.7526536649517976,1.184166584226939
422,422,364.8511047363281,350.79128812885574,14.059816607472385,3,28,2,27,1.4142135623730951,0,1.8554347326641865,3.523453066160685
423,423,343.3111572265625,343.30727416922326,0.003883057339237439,6,5,6,5,0.0,1,2.5678119655507836,2.9658891479777116
424,424,334.7196044921875,329.41197532885633,5.307629163331171,27,4,27,4,0.0,1,0.6138632107874302,1.0512397491253875
425,425,329.4105529785156,333.9284006112512,4.517847632735595,5,8,5,8,0.0,1,0.5262576649676932,0.7886191460346343
426,426,343.0501708984375,349.66501198701735,6.614841088579851,0,9,7,28,20.248456731316587,0,7.343400008165898,7.598557308435841
427,427,430.40948486328125,413.7028768144904,16.706608048790827,13,15,12,15,1.0,0,3.9119120392974565,6.138785019872617
428,428,361.5357666015625,373.22970865364107,11.693942052078569,7,24,7,23,1.0,0,3.4153024209605602,4.162756905141645
429,429,321.3793640136719,319.68307106909424,1.6962929445776354,8,18,12,20,4.47213595499958,0,0.7554126068868376,0.920701500681602
430,430,338.74859619140625,353.5041116046045,14.755515413198225,18,18,18,18,0.0,1,1.965376777420234,2.74410473741373
431,431,325.57257080078125,336.30101121816176,10.728440417380511,16,8,16,8,0.0,1,7.357369276535197,8.105103608139794
432,432,413.8495178222656,394.83779144507946,19.011726377186164,17,10,17,10,0.0,1,2.1031046404658036,3.3534787434473845
433,433,309.2274169921875,309.6609037422864,0.4334867500988935,22,2,27,31,29.427877939124322,0,0.7735432274357424,1.0837463581020463
434,434,301.7923583984375,304.95672312510055,3.1643647266630524,22,0,22,2,2.0,0,1.7641469933910185,1.8787614796110346
435,435,307.3030700683594,307.62831619566055,0.3252461273011704,13,5,7,4,6.082762530298219,0,0.6575590017579442,0.8112911733292063
436,436,483.4354248046875,462.2475275072087,21.1878972974788,20,22,20,22,0.0,1,6.3053329808361065,8.049918537376268
437,437,335.9522399902344,341.1838635205313,5.231623530296929,27,27,28,27,1.0,0,6.632475205964485,7.522606235868105
438,438,323.7937316894531,332.1843110737417,8.390579384288571,10,20,10,21,1.0,0,1.1277280943960246,1.4810300666936707
439,439,318.49383544921875,319.42236309270424,0.928527643485495,29,30,27,30,2.0,0,0.839135168727886,0.9994176218743551
440,440,463.9289245605469,461.0444275350919,2.884497025454948,5,17,5,17,0.0,1,5.732041843115888,7.146023099744714
441,441,489.8411560058594,512.6267476748809,22.785591669021528,13,21,13,21,0.0,1,8.39022810463523,10.775312833076866
442,442,327.4527587890625,323.1378820100989,4.314876778963594,0,4,0,4,0.0,1,0.4688485091681182,0.632136941377342
443,443,351.4347839355469,359.53246017612804,8.097676240581166,20,14,20,14,0.0,1,4.056269234700245,4.806265257982492
444,444,349.7549133300781,343.874631182716,5.880282147362152,9,9,8,10,1.4142135623730951,0,4.797072447310255,5.386538169051902
445,445,386.6590881347656,384.69598382541,1.9631043093556286,11,12,11,12,0.0,1,1.9555391168474954,2.5730553630703636
446,446,321.1900634765625,319.99875636584466,1.191307110717844,11,18,9,20,2.8284271247461903,0,0.6489281329005478,0.831742821698221
447,447,411.20068359375,396.14571337549006,15.054970218259939,10,9,10,10,1.0,0,25.624590551865513,26.02321915261891
448,448,354.2914123535156,352.706711815642,1.5847005378736299,12,31,11,31,1.0,0,8.10960584929746,8.897474007260586
449,449,329.1854248046875,324.22856372562404,4.956861079063458,22,28,16,7,21.840329667841555,0,1.0539715458961636,1.2869696955164032
450,450,363.3924560546875,382.58673351620376,19.194277461516265,17,12,21,12,4.0,0,13.035505068009906,13.389926045539104
451,451,342.23919677734375,343.05779376024185,0.8185969828981001,21,12,21,13,1.0,0,0.874025292536905,1.186140119871734
452,452,321.134033203125,315.7000111788698,5.434022024255228,20,19,4,11,17.88854381999832,0,0.5162989938917282,0.8060418468960757
453,453,371.91827392578125,383.3367765868582,11.418502661076957,19,8,19,8,0.0,1,2.344860530592677,3.080837674479562
454,454,312.9441833496094,313.9042503190342,0.9600669694248154,12,10,14,19,9.219544457292887,0,0.533460379083152,0.6893774895714604
455,455,336.4083557128906,332.8113445405209,3.5970111723697187,27,11,27,11,0.0,1,2.5299538891325355,3.2416008268313106
456,456,388.6654357910156,381.1599036297015,7.505532161314136,19,21,19,23,2.0,0,5.306601656774477,6.796782923060685
457,457,321.746337890625,313.28375092185263,8.46258696877237,11,19,11,19,0.0,1,0.9100897554225418,1.085003794255898
458,458,309.1794738769531,312.6564944350983,3.4770205581451705,9,17,9,17,0.0,1,0.8993005819718864,1.1314302186839786
459,459,407.1754150390625,423.1662687415207,15.990853702458196,8,23,13,9,14.866068747318506,0,5.877076917965503,6.918655762081666
460,460,403.3803405761719,412.6985891792453,9.318248603073414,10,14,10,14,0.0,1,1.1062905154383695,1.9775375105093453
461,461,310.25146484375,309.1484059978996,1.1030588458503985,17,13,16,13,1.0,0,0.7881743336702696,1.0092470031842569
462,462,340.9129638671875,335.3152725441217,5.597691323065817,31,2,31,2,0.0,1,1.076261089729268,1.4074828789321014
463,463,384.6410827636719,372.1029418666925,12.538140896979371,18,8,19,8,1.0,0,2.275594240523638,3.033504470868461
464,464,329.45269775390625,327.7143396139169,1.7383581399893728,28,27,13,5,26.627053911388696,0,1.0899126669763208,1.2989282348449112
465,465,309.12884521484375,307.20661015837646,1.9222350564672865,20,13,30,15,10.198039027185569,0,0.867218446198416,0.936019950310585
466,466,347.66998291015625,352.200450692971,4.530467782814753,25,0,23,0,2.0,0,1.35650911677845,1.9455892172030513
467,467,325.3019104003906,327.2429291539755,1.941018753584899,21,11,21,11,0.0,1,0.47257717453531617,0.6924122629734815
468,468,457.4360046386719,454.1055168916676,3.3304877470042697,24,22,18,20,6.324555320336759,0,7.26431127450191,9.422988544486639
469,469,348.98590087890625,333.38570667899126,15.600194199914995,12,17,12,18,1.0,0,1.4178144676547921,2.2209927329792083
470,470,348.03741455078125,338.9951450395151,9.04226951126617,0,19,0,19,0.0,1,0.9458812827658118,1.2292297704662447
471,471,330.0603332519531,331.79859141555016,1.7382581635970382,14,6,14,6,0.0,1,0.7462968662895902,0.9624075137465818
472,472,349.848876953125,352.1985483822263,2.3496714291013063,3,14,3,14,0.0,1,1.2156574121956507,1.7491934010206815
473,473,343.5824890136719,362.67985655087824,19.097367537206367,22,2,21,1,1.4142135623730951,0,1.0332458095594081,2.2127134650373717
474,474,498.63433837890625,523.7763498590518,25.142011480145584,0,30,1,30,1.0,0,22.451331496923885,25.04275393868239
475,475,411.8076171875,399.4153541345122,12.3922630529878,31,0,30,0,1.0,0,18.39024453744746,18.648017171303447
476,476,331.6429138183594,341.9407238247835,10.297810006424129,15,7,14,8,1.4142135623730951,0,1.261413101724696,1.841684445068108
477,477,307.55963134765625,307.6687573641828,0.1091260165265453,6,24,6,23,1.0,0,0.7766279700229084,0.9039068774067167
478,478,317.05218505859375,322.57007748955624,5.51789243096249,15,17,15,17,0.0,1,0.610801064203259,0.9437258321981814
479,479,361.1712951660156,353.60684316618045,7.564451999835171,18,18,18,18,0.0,1,1.7668759239583867,2.640953770448888
480,480,433.2286376953125,430.5147389984955,2.7138986968170116,18,14,18,13,1.0,0,4.326557932883691,5.426097905810204
481,481,320.0770263671875,317.67502767817837,2.401998689009133,24,14,24,14,0.0,1,1.768388033495663,1.9857517317125535
482,482,323.8163146972656,320.34658888803347,3.469725809232159,2,31,2,31,0.0,1,0.309677697663317,0.5255518354135242
483,483,351.6175537109375,343.5710859972257,8.04646771371182,13,11,12,19,8.06225774829855,0,1.8655546457471996,2.361902645532503
484,484,386.231201171875,377.2472830524628,8.98391811941218,23,10,23,10,0.0,1,7.61647918759944,8.254408511397235
485,485,382.0582580566406,376.49872078510947,5.5595372715311555,20,17,19,18,1.4142135623730951,0,2.1607706725698623,2.72958667460845
486,486,307.2325439453125,306.74891059503153,0.483633350280968,13,13,15,17,4.47213595499958,0,0.34227812770484967,0.4288528360520827
487,487,377.02728271484375,364.93306123418864,12.094221480655108,5,16,5,16,0.0,1,1.4279199527133761,2.250464038045254
488,488,325.24713134765625,327.9489999137429,2.7018685660866595,20,0,21,0,1.0,0,1.0048727684286032,1.2021406128763144
489,489,453.5412292480469,430.7986316858323,22.7425975622146,16,13,17,13,1.0,0,2.443523418361863,3.5949930926448577
490,490,326.5995178222656,326.061484699076,0.5380331231896207,24,6,24,7,1.0,0,0.5015099631062718,0.6814899633814195
491,491,333.0565185546875,342.48225713246734,9.425738577779839,30,31,31,30,1.4142135623730951,0,1.5375895479964192,1.8421361191789476
492,492,311.8806457519531,310.9912384754982,0.8894072764549037,8,4,8,5,1.0,0,1.172641858151113,1.4558618866321291
493,493,359.96966552734375,359.1084405038089,0.8612250235348711,16,15,16,15,0.0,1,2.0271222719600654,2.51944482325305
494,494,329.10540771484375,332.87230778224796,3.766900067404208,0,9,0,8,1.0,0,0.8986863502045914,1.1014056520262632
495,495,337.15216064453125,339.25314476162924,2.100984117097994,27,22,30,23,3.1622776601683795,0,0.8420663413414402,1.0633417102511755
496,496,340.63006591796875,351.8397155853302,11.209649667361475,7,0,7,0,0.0,1,1.2472707649199983,1.6062790907196922
497,497,340.9670104980469,339.7661657584655,1.2008447395813846,27,22,26,22,1.0,0,0.8601711152175826,1.2060506988656443
498,498,325.3944091796875,329.118661115929,3.724251936241501,19,7,19,7,0.0,1,1.1840461407350031,1.3464072381827672
499,499,330.97381591796875,332.68399466307346,1.710178745104713,15,5,15,0,5.0,0,0.7926179495805918,1.021013369950816
500,500,339.3233947753906,340.3631667139136,1.0397719385229607,20,18,1,15,19.235384061671343,0,1.2359001191027197,1.5390201139471031
501,501,318.6719665527344,319.54404291388624,0.8720763611518692,21,7,22,7,1.0,0,0.5552804302740719,0.7648343580241154
502,502,330.9134216308594,334.26521383583355,3.351792204974174,12,8,20,0,11.313708498984761,0,2.01756865370817,2.325484375741922
503,503,364.00994873046875,380.9174387631082,16.90749003263943,11,20,0,22,11.180339887498949,0,9.661044149932192,10.0494673928065
504,504,312.138916015625,313.2065826919701,1.067666676345084,22,17,19,18,3.1622776601683795,0,0.4242031617498697,0.553432619855004
505,505,404.59210205078125,401.15076879254093,3.44133325824032,11,5,11,6,1.0,0,8.143186459999583,8.78702680131567
506,506,318.3677978515625,314.8221226397502,3.545675211812295,8,7,8,7,0.0,1,0.8276588705091394,1.0671001230293244
507,507,481.4772033691406,478.3868167497309,3.090386619409742,4,21,4,21,0.0,1,14.011711114438054,15.201886088012225
508,508,397.7149658203125,421.59660894860406,23.881643128291557,26,7,27,6,1.4142135623730951,0,10.169502382534212,11.479799242948234
509,509,322.2980651855469,328.6857823524607,6.387717166913831,7,15,7,15,0.0,1,0.6205523568690818,0.9244759231514956
510,510,328.1459655761719,328.99221990804585,0.846254331873979,9,16,9,17,1.0,0,0.6588339455004109,0.8635721804058895
511,511,337.3876037597656,335.8240722233095,1.5635315364561393,9,13,9,12,1.0,0,1.6212838435344898,2.139117073339847
512,512,324.626953125,325.6301157990972,1.0031626740972115,4,24,5,23,1.4142135623730951,0,0.7608236577426486,0.9163625915047062
513,513,303.5434875488281,314.1676626389174,10.624175090089295,11,15,24,8,14.7648230602334,0,6.801400893201259,6.894905104819025
514,514,310.8805236816406,310.6596075234963,0.22091615814434817,14,11,12,11,2.0,0,0.4014283124642305,0.5321453407917007
515,515,319.69384765625,320.92033785383575,1.226490197585747,14,25,16,26,2.23606797749979,0,0.6668160163580442,0.9042286533009956
516,516,434.5475769042969,431.5114662085361,3.036110695760783,25,21,25,21,0.0,1,5.512662876639905,6.990617111976477
517,517,346.17645263671875,349.87792911099,3.70147647427126,16,18,16,19,1.0,0,2.750721255350449,3.9399655820054447
518,518,370.2323913574219,377.48497973714035,7.252588379718475,26,20,27,18,2.23606797749979,0,3.844305518191694,4.565877733135562
519,519,344.12255859375,348.3025155557024,4.179956961952428,18,24,18,25,1.0,0,2.1110172802771876,2.904644586040484
520,520,344.1850280761719,342.8210603238896,1.3639677522822922,27,2,27,2,0.0,1,1.5104365881472273,1.9466237679772957
521,521,330.6883239746094,336.44040630451747,5.752082329908092,9,31,10,31,1.0,0,2.0457760635533844,2.3602142174593572
522,522,336.45556640625,343.13430182249994,6.6787354162499355,0,4,0,4,0.0,1,0.5223284652209814,0.7625721695180373
523,523,355.518798828125,340.2214234609438,15.29737536718119,0,11,0,12,1.0,0,1.0252011194545456,1.6759645324024506
524,524,311.0141906738281,312.29450668582075,1.2803160119926247,18,19,31,20,13.038404810405298,0,0.4242983210738826,0.5196411465938877
525,525,332.9566650390625,325.1846786655993,7.771986373463221,15,11,15,11,0.0,1,0.9139443037811644,1.224416947122935
526,526,305.68939208984375,305.02840131684826,0.6609907729954898,0,24,0,21,3.0,0,0.7477009947626085,0.8745808850501827
527,527,333.3633117675781,332.1185279290074,1.2447838385706973,21,21,21,21,0.0,1,0.7182925050561684,0.9621187919473643
528,528,321.0227966308594,324.21334317932894,3.1905465484695696,24,10,23,10,1.0,0,1.0250491416254905,1.293993469746293
529,529,339.4942932128906,351.0854527441715,11.59115953128088,5,14,3,23,9.219544457292887,0,8.059519991983038,8.21674160397233
530,530,376.93450927734375,378.8802426691177,1.945733391773956,2,22,2,22,0.0,1,1.9953302501989298,2.4884997077894258
531,531,381.684814453125,392.74673041081513,11.061915957690132,25,5,25,5,0.0,1,1.3972250329031681,2.2399263895828185
532,532,339.04266357421875,339.73438902669017,0.6917254524714167,10,22,10,22,0.0,1,1.6634275437558812,1.7573218272447315
533,533,378.04736328125,367.17317433674367,10.87418894450633,13,23,13,24,1.0,0,2.1391125210199133,2.9792477190807247
534,534,377.0609130859375,376.71374456858183,0.34716851735566934,17,7,17,8,1.0,0,2.5777775438848494,3.209629564531001
535,535,340.2951965332031,340.9819945556026,0.6867980223995005,17,25,17,25,0.0,1,2.5820423292898527,2.9452364597130214
536,536,320.05670166015625,322.3981978759726,2.341496215816335,21,19,23,18,2.23606797749979,0,0.9373380474152841,1.2637399966958112
537,537,322.3802490234375,323.38135943884566,1.0011104154081636,19,15,19,15,0.0,1,1.0083239113718951,1.2725669832149216
538,538,329.9870910644531,329.6095659949665,0.3775250694866372,13,12,26,27,19.849433241279208,0,1.2098537652940573,1.5299632114062822
539,539,398.22711181640625,385.5849332465091,12.642178569897169,28,4,28,5,1.0,0,2.6681919110748398,4.056205347638897
540,540,374.7129821777344,377.7889512696887,3.0759690919543345,18,15,18,15,0.0,1,1.3794755948631385,1.851738171494654
541,541,313.5043029785156,314.8106022227628,1.3062992442471568,5,5,6,5,1.0,0,0.42459447301703,0.5455601572966369
542,542,386.46600341796875,401.6504995621607,15.18449614419194,19,25,18,25,1.0,0,12.678214060989353,13.080182566791125
543,543,386.4329528808594,389.89062152065964,3.4576686398002607,10,13,10,13,0.0,1,2.1784709065759458,2.979139718115858
544,544,324.1402587890625,313.64394533654263,10.496313452519871,24,1,24,2,1.0,0,1.422613966496453,3.3538334495089592
545,545,317.912841796875,329.77283143304305,11.859989636168052,12,2,12,2,0.0,1,1.0329283355870338,1.7120064321277182
546,546,308.1750793457031,308.16540161216636,0.009677733536761934,23,5,21,30,25.079872407968907,0,0.5285765011292581,0.6176683388367098
547,547,341.758544921875,350.7010792048062,8.942534282931206,4,27,0,28,4.123105625617661,0,2.7939398501909745,3.540738850751207
548,548,370.15240478515625,377.49979845074995,7.3473936655936996,18,18,18,18,0.0,1,1.3985162457499811,1.8773647902476678
549,549,337.3634033203125,338.60894055378907,1.2455372334765684,17,20,15,28,8.246211251235321,0,1.53692179033072,2.217920430611145
550,550,332.21099853515625,339.2655991553273,7.0546006201710725,0,8,0,9,1.0,0,1.6325744703274239,2.2618731043615434
551,551,366.0103759765625,373.8514720751401,7.841096098577623,16,14,17,13,1.4142135623730951,0,1.3802343521239426,1.7660374977527387
552,552,319.7523498535156,326.83664433860906,7.084294485093437,0,9,0,9,0.0,1,4.582661099460052,4.636345296371276
553,553,320.93511962890625,319.5588049486683,1.3763146802379538,11,17,11,16,1.0,0,4.57268865574971,5.373706340389197
554,554,343.14312744140625,337.6685032793869,5.474624162019325,21,5,21,5,0.0,1,2.1946419985562917,2.7964313554986386
555,555,322.6468811035156,324.4455900882006,1.7987089846849926,11,22,10,22,1.0,0,1.668958167819064,1.9456490585034356
556,556,484.352783203125,472.159720157396,12.19306304572899,19,12,19,13,1.0,0,4.87678098175535,5.617892583328
557,557,370.7438659667969,359.7499482161628,10.993917750634068,17,15,17,15,0.0,1,2.1282778885294764,2.6437525709497747
558,558,334.1175537109375,334.3649163104433,0.24736259950577733,31,0,30,1,1.4142135623730951,0,0.9937409444679268,1.364868994278363
559,559,323.005859375,324.5828141023185,1.5769547273184799,31,29,31,29,0.0,1,1.266017760183139,1.457524403735888
560,560,376.6653747558594,380.2685038792943,3.6031291234349396,19,11,20,11,1.0,0,2.915309378459253,3.5986233580903915
561,561,360.9668273925781,356.8174369726692,4.1493904199089116,20,13,21,13,1.0,0,1.8632812756820352,2.6009959582564908
562,562,391.4254455566406,383.54828924863654,7.877156308004089,5,23,5,24,1.0,0,2.112417804910074,2.990611669014796
563,563,379.322998046875,383.3287834141563,4.005785367281305,7,6,6,6,1.0,0,1.4321534302683065,1.9398735855050804
564,564,344.46044921875,339.3320198977121,5.128429321037913,29,21,29,21,0.0,1,2.232551473021597,2.597612041252678
565,565,340.91607666015625,343.42088737875156,2.5048107185953086,19,10,17,15,5.385164807134504,0,1.2139677779713236,1.519681088813374
566,566,381.9623718261719,380.6659636001657,1.2964082260061787,8,7,8,18,11.0,0,4.299644041364605,5.606147720916696
567,567,338.2066955566406,332.88780166109524,5.318893895545386,29,22,29,22,0.0,1,0.9683941964535938,1.5666063150975162
568,568,383.4006042480469,388.4087510308374,5.008146782790504,24,23,21,20,4.242640687119285,0,3.5317594217733896,4.737617241569002
569,569,408.6966857910156,408.0648497040745,0.6318360869411208,4,6,4,4,2.0,0,3.927548934011048,4.898480023025881
570,570,360.748779296875,363.5739761095736,2.825196812698607,12,12,12,13,1.0,0,1.246725815370388,1.6386113381314418
571,571,348.8889465332031,354.1698081059364,5.280861572733272,29,6,30,6,1.0,0,1.3869299477918573,1.9361575784540228
572,572,353.4962463378906,361.3005425450612,7.80429620717058,16,17,7,6,14.212670403551895,0,13.743015674677405,15.154550229275689
573,573,332.44622802734375,336.46758850243856,4.021360475094809,12,8,10,31,23.08679276123039,0,1.513783301192116,1.9772719453927805
574,574,384.994873046875,386.9186377485289,1.9237647016539086,12,18,12,18,0.0,1,1.2997064852681917,2.043977370147792
575,575,375.3271179199219,377.62466609136106,2.297548171439189,10,20,11,20,1.0,0,2.280064531784947,2.8436845748527526
576,576,358.59796142578125,347.10217968166705,11.495781744114197,19,19,19,19,0.0,1,0.669953994557547,1.1189153197696329
577,577,397.4284362792969,378.1586797941612,19.2697564851357,10,19,11,20,1.4142135623730951,0,2.034182410579177,3.2114039808959607
578,578,305.06512451171875,303.6443472196303,1.4207772920884736,15,16,5,31,18.027756377319946,0,0.4244802331708044,0.5434199967944179
579,579,399.52410888671875,407.3382840902041,7.814175203485377,13,19,13,19,0.0,1,1.5394670055155641,1.941350847259372
580,580,369.78277587890625,379.84349008863825,10.060714209731998,18,20,18,20,0.0,1,2.5408437177906267,3.3505522561774974
581,581,336.77655029296875,336.1161393288517,0.6604109641170339,18,17,18,19,2.0,0,0.7771272653204637,0.9878760110450193
582,582,347.00482177734375,355.2428910468646,8.23806926952085,3,9,5,10,2.23606797749979,0,2.6233292691699117,2.8094769039914844
583,583,418.2808532714844,401.03914101880355,17.241712252680827,10,15,10,15,0.0,1,1.787595776411257,3.2298393715699003
584,584,323.0068664550781,323.71943091294037,0.7125644578622428,7,31,10,31,3.0,0,1.3229677466867122,1.5685990968071164
585,585,326.3530578613281,329.7422277981909,3.3891699368627997,0,0,0,1,1.0,0,0.8318212649481991,1.0876619485621823
586,586,336.4571533203125,351.7244515078666,15.267298187554104,4,0,4,0,0.0,1,0.8163237595164439,1.4607254070123448
587,587,481.4450378417969,373.40122883257203,108.04380900922484,2,28,4,28,2.0,0,32.52112729795389,44.13305286191199
588,588,313.0784606933594,311.3859224997976,1.692538193561802,19,22,20,23,1.4142135623730951,0,0.716922519854206,0.8572611247045341
589,589,333.84344482421875,349.12150456735185,15.278059743133099,16,17,16,17,0.0,1,2.119427542209971,2.5721243064476806
590,590,324.3130798339844,326.6305202026479,2.31744036866354,18,20,18,19,1.0,0,1.2962904909327637,1.5985093630181006
591,591,355.68231201171875,363.8127952755194,8.13048326380067,8,25,8,25,0.0,1,1.5232754629246308,2.0842594776536836
592,592,342.6603088378906,345.8643790112622,3.2040701733715764,0,9,1,9,1.0,0,1.2285840241172552,1.551932964365331
593,593,329.9742126464844,332.4886103948526,2.5143977483682534,28,26,27,26,1.0,0,0.7724098242074506,0.9930438717894733
594,594,350.0316467285156,354.1540497076177,4.1224029791020484,11,4,11,3,1.0,0,1.3675902676710696,1.6891682568706563
595,595,317.1656188964844,317.97196122971627,0.8063423332318962,10,10,9,10,1.0,0,0.7346772475152983,0.9196987873718688
596,596,322.36419677734375,322.77991054448694,0.4157137671431883,2,29,0,29,2.0,0,2.37887325853392,2.6143620391714606
597,597,313.988525390625,313.01980243397236,0.9687229566526412,26,24,26,25,1.0,0,0.8614585927837768,1.0151757373517167
598,598,315.52490234375,316.0492777835468,0.5243754397968132,17,16,15,14,2.8284271247461903,0,0.6765556436693507,0.8265971615753432
599,599,346.8837585449219,345.734889750038,1.1488687948838674,6,0,6,1,1.0,0,1.5997631697430694,1.978599211179101
600,600,354.4286804199219,354.08645801569503,0.34222240422684536,25,11,25,10,1.0,0,3.317068014433886,4.4881486388187675
601,601,324.1709289550781,323.77580615317896,0.3951228018991628,19,20,18,23,3.1622776601683795,0,0.888778576659127,1.1103723399751415
602,602,370.7973327636719,350.53442791396674,20.262904849705137,16,6,16,6,0.0,1,5.972375067351082,10.027405589173796
603,603,368.7676696777344,367.1514293823912,1.6162402953431751,12,18,12,18,0.0,1,1.722664331289081,2.191117029655213
604,604,338.0597229003906,323.14355590387476,14.91616699651587,7,26,6,26,1.0,0,0.8629251979899866,1.2554033001188114
605,605,355.1439514160156,380.4702344797105,25.32628306369486,8,17,11,2,15.297058540778355,0,21.833160108487803,21.926019198748907
606,606,329.2180480957031,329.8765498148731,0.6585017191699762,31,11,27,14,5.0,0,3.03546741115492,3.882325018921889
607,607,330.3422546386719,330.36762827137824,0.02537363270636206,23,31,23,31,0.0,1,0.7751779648644954,1.0021794609855517
608,608,401.93328857421875,423.19775685796634,21.26446828374759,6,15,6,16,1.0,0,15.260778162236383,15.652335949356567
609,609,327.51568603515625,317.366882241486,10.148803793670254,19,14,19,14,0.0,1,0.9353220812111662,1.306121717971529
610,610,328.5460205078125,327.23869363137396,1.3073268764385375,14,14,14,13,1.0,0,0.6261834736791387,0.8351680787979479
611,611,341.1395568847656,338.77461415455855,2.3649427302070762,15,19,15,19,0.0,1,1.025874805554662,1.3984106052710747
612,612,375.3990783691406,371.31970452412605,4.0793738450145725,19,22,20,22,1.0,0,1.1475502231806485,1.5499061654241406
613,613,335.5220642089844,329.2494900462915,6.272574162692877,25,7,25,6,1.0,0,0.9486010697887335,1.2327643686670036
614,614,312.94134521484375,316.56868612369146,3.6273409088477138,21,8,21,8,0.0,1,2.663288571303948,3.1202086028324074
615,615,359.7967834472656,367.08752371805116,7.290740270785534,8,12,7,13,1.4142135623730951,0,5.456181667338398,6.424547256072789
616,616,400.4894104003906,397.94047053632806,2.548939864062561,18,19,18,19,0.0,1,1.0158562757356344,1.6672113302738976
617,617,428.3025817871094,411.50603946731115,16.79654231979822,5,23,6,23,1.0,0,19.23304006744044,19.770355908667224
618,618,450.78369140625,437.36014862804694,13.423542778203057,13,11,12,13,2.23606797749979,0,24.48049272592315,24.88181222762609
619,619,322.5087585449219,334.25001829198214,11.741259747060269,27,22,18,18,9.848857801796104,0,9.393878001770082,10.2167649854629
620,620,361.2449645996094,346.5940396192665,14.650924980342893,6,8,4,9,2.23606797749979,0,1.2361371944922306,2.6660826945725855
621,621,336.0433349609375,340.111862756334,4.0685277953965056,26,3,21,1,5.385164807134504,0,1.4932461695370032,1.830639187831606
622,622,371.91448974609375,356.2760834146792,15.638406331414558,20,19,19,19,1.0,0,2.188556346507612,3.2636665191591563
623,623,324.24664306640625,310.00740907759985,14.239233988806404,31,15,31,14,1.0,0,0.6000683896174941,1.0702968539083668
624,624,325.5221252441406,328.79766419663775,3.2755389524971292,4,31,6,12,19.1049731745428,0,1.8345414801178064,2.236249993100917
625,625,363.55682373046875,356.63393439628607,6.922889334182685,24,17,24,18,1.0,0,3.2107172008587095,3.9300050555940724
626,626,320.1224060058594,314.93845403706405,5.183951968795327,20,9,20,9,0.0,1,0.7806608557744859,0.9820959729407179
627,627,337.3465270996094,331.4843779479147,5.862149151694666,15,20,15,19,1.0,0,1.7222946732487063,2.5946371895461655
628,628,316.3337707519531,321.2593959989733,4.92562524702015,18,20,17,19,1.4142135623730951,0,0.6036474670953259,0.8380477797538125
629,629,305.4568786621094,305.8908912168599,0.4340125547505522,10,28,0,22,11.661903789690601,0,0.6150671166066227,0.7539931345173213
630,630,391.5045471191406,393.08837330891225,1.583826189771628,9,9,16,10,7.0710678118654755,0,14.540437270953957,16.612601927375884
631,631,360.08282470703125,365.68233009195114,5.599505384919894,16,19,16,19,0.0,1,2.013631580891071,2.449732924487187
632,632,320.1980895996094,321.8162492539632,1.6181596543538035,8,18,8,17,1.0,0,0.7277544016023931,0.9475311406805299
633,633,327.21490478515625,325.54513182557054,1.669772959585714,28,1,31,1,3.0,0,1.169797206898902,1.50038212214908
634,634,402.05706787109375,398.42857543744844,3.628492433645306,16,16,16,17,1.0,0,1.981967284412789,2.9515165248979898
635,635,374.7637634277344,357.6985153354721,17.065248092262266,13,17,31,16,18.027756377319946,0,3.078732229859809,4.02638334934067
636,636,340.1212158203125,339.1836423960323,0.9375734242801741,0,20,0,21,1.0,0,0.761250832757377,1.0397895710681555
637,637,314.0125427246094,320.0587824065183,6.046239681908901,18,0,18,0,0.0,1,3.9092748363687972,3.9681264698742824
638,638,336.625,330.12337157233213,6.5016284276678675,12,31,13,19,12.041594578792296,0,1.8759664504866285,2.367799071974323
639,639,466.14605712890625,439.795662206522,26.350394922384226,31,11,31,11,0.0,1,34.69693564176191,34.84870877243132
640,640,335.14324951171875,331.39656095749,3.74668855422874,5,27,2,30,4.242640687119285,0,1.4845077542671044,1.8953708009973473
641,641,317.2735595703125,323.7596307626927,6.486071192380223,5,0,6,0,1.0,0,3.200478916468197,3.440072937073576
642,642,330.6169738769531,331.5910908966036,0.974117019650464,4,3,4,5,2.0,0,2.852268837579888,3.432008224372831
643,643,325.81988525390625,323.15809881624193,2.6617864376643183,7,25,9,14,11.180339887498949,0,0.5451705331394726,0.7567096243418592
644,644,404.2225341796875,403.85796900143856,0.3645651782489381,8,24,7,24,1.0,0,6.2641124438747315,7.186006063499069
645,645,399.23095703125,369.98362260280476,29.247334428445242,26,20,25,19,1.4142135623730951,0,2.468279693975644,4.454313181821629
646,646,341.49774169921875,343.7905521970637,2.2928104978449255,4,15,3,15,1.0,0,2.599935971666226,3.299971725902418
647,647,342.7392578125,347.0360411714955,4.296783358995526,19,19,19,18,1.0,0,1.1938416056752588,1.4544958491387672
648,648,329.1536865234375,332.3874928599632,3.2338063365256744,8,4,2,4,6.0,0,0.9854252135093955,1.2380098890758666
649,649,349.7023620605469,337.2295441854774,12.472817875069495,14,17,13,16,1.4142135623730951,0,1.711451977763218,2.515414928993632
650,650,344.3730773925781,342.0717941025098,2.3012832900683406,21,13,21,13,0.0,1,0.9589665963894125,1.305032746565715
651,651,341.2168884277344,348.5841288450678,7.3672404173334485,15,22,15,22,0.0,1,1.4823645912352386,1.995532539915784
652,652,338.6255798339844,341.3198123589527,2.6942325249682995,18,10,18,10,0.0,1,1.2046843078040546,1.4562543047879906
653,653,314.2770080566406,314.7881690048544,0.5111609482137851,5,9,9,18,9.848857801796104,0,2.122593309806888,2.355102755402376
654,654,380.46820068359375,376.950303780664,3.517896902929749,18,17,18,17,0.0,1,4.0601212355716605,5.012695555483597
655,655,363.2392883300781,375.24199863974263,12.002710309664508,13,24,13,23,1.0,0,9.72511617635031,9.957917659010251
656,656,470.0476989746094,440.1098957115199,29.93780326308945,22,15,22,15,0.0,1,2.007953763444702,3.986103667956345
657,657,357.571533203125,376.4488626959407,18.877329492815704,8,23,8,23,0.0,1,2.7936839555800588,3.7805665374905213
658,658,334.6551818847656,332.706542587644,1.9486392971216446,9,12,0,7,10.295630140987,0,1.214519732228025,1.5183814770628832
659,659,327.65667724609375,325.3229542802533,2.3337229658404226,19,15,19,15,0.0,1,0.7150952164537729,0.8765244352460427
660,660,356.2591857910156,351.70719349424684,4.551992296768788,9,20,9,21,1.0,0,1.0339200727859676,1.628193214546792
661,661,379.02783203125,356.720767700146,22.307064331104016,26,22,31,21,5.0990195135927845,0,26.85183481700612,27.266092220803685
662,662,320.7006530761719,321.37272043675796,0.6720673605860839,20,15,19,16,1.4142135623730951,0,0.7636289202094357,0.8923369019794662
663,663,323.6614990234375,321.00981622936763,2.6516827940698704,22,22,23,18,4.123105625617661,0,0.5855598030852658,0.7976483389796681
664,664,326.897216796875,330.2730799380705,3.3758631411955093,19,13,15,16,5.0,0,0.903970713858385,1.1156186095481
665,665,371.9740295410156,375.75965883676474,3.7856292957491178,31,7,24,8,7.0710678118654755,0,2.8652188422739036,3.8232493557716123
666,666,386.8788146972656,397.4909116412909,10.612096944025268,20,9,20,8,1.0,0,5.109786940571233,6.497682888427941
667,667,326.33306884765625,325.5745727356715,0.7584961119847549,20,28,20,28,0.0,1,0.9522426115430114,1.1064035739231668
668,668,322.9287109375,322.77411574148846,0.1545951960115417,31,8,31,8,0.0,1,1.2753943120232865,1.5448037281864568
669,669,478.68560791015625,476.5056559876656,2.179951922490659,31,11,30,11,1.0,0,22.89268964775281,24.13325948522422
670,670,304.3989562988281,302.76234864418535,1.6366076546427735,28,31,27,25,6.082762530298219,0,0.4619126805849847,0.7374945212733756
671,671,312.1989440917969,310.9020406092784,1.2969034825184735,31,9,31,9,0.0,1,0.6381428313931756,0.7842582857398301
672,672,376.0483093261719,380.2710384822258,4.2227291560539015,5,22,9,9,13.601470508735444,0,3.128024232247807,4.020227575262808
673,673,325.80657958984375,325.6855879067007,0.12099168314307462,3,19,3,19,0.0,1,1.255610659794216,1.5056909161630496
674,674,344.67999267578125,334.79337370471563,9.886618971065616,5,5,5,5,0.0,1,0.9829251199592988,1.353925232115246
675,675,324.1508483886719,330.4982580445981,6.347409655926242,26,5,26,5,0.0,1,1.3381052332138714,1.6532248522582624
676,676,302.6697998046875,300.52016015507706,2.1496396496104353,6,0,7,1,1.4142135623730951,0,0.510790856822812,0.6186090273251548
677,677,381.9102783203125,406.92772272225204,25.017444401939542,7,16,7,16,0.0,1,3.806720593847495,5.1418497562993615
678,678,334.2369689941406,334.6755555065408,0.4385865124001498,6,31,4,30,2.23606797749979,0,1.8235102485963832,2.1212878638283015
679,679,388.5260009765625,396.0631094519789,7.537108475416403,23,17,23,17,0.0,1,6.031410461422874,7.065489421738103
680,680,316.2905578613281,315.9326774471496,0.3578804141785099,14,24,15,24,1.0,0,0.3583585643800965,0.46567900546082863
681,681,372.3907775878906,379.37831574732667,6.987538159436042,18,18,18,17,1.0,0,2.42493328254968,3.085618297950726
682,682,372.7770690917969,372.5859146426757,0.19115444912119983,15,25,20,19,7.810249675906654,0,1.8678746129023658,2.3792327172195598
683,683,335.1922302246094,342.56128642870965,7.369056204100275,18,15,19,15,1.0,0,0.6501678067660605,1.0098664200275183
684,684,314.54754638671875,314.0426315606116,0.5049148261071537,2,18,1,19,1.4142135623730951,0,0.6572848156309792,0.8245790407910188
685,685,315.10467529296875,314.0278714993076,1.0768037936611563,25,8,25,8,0.0,1,0.6176594467201312,0.7589865872194868
686,686,305.6186828613281,304.42674095151943,1.1919419098086905,19,13,12,15,7.280109889280518,0,0.5733414155665627,0.6809064738886569
687,687,317.9381408691406,327.9083592583067,9.970218389166064,14,4,10,24,20.396078054371138,0,12.364621029730818,12.831239710818178
688,688,347.0315246582031,346.5352220153159,0.4963026428872013,25,10,25,9,1.0,0,1.3943694416706565,1.7053888354976605
689,689,411.0756530761719,423.13049038723256,12.05483731106068,21,10,21,10,0.0,1,4.449300101315333,5.1568296190300895
690,690,335.4738464355469,334.3963793736534,1.0774670618934579,8,23,7,23,1.0,0,2.1710827517799354,2.486500778998465
691,691,320.6036071777344,326.79396136112445,6.19035418339007,27,13,27,13,0.0,1,0.9578662860375085,1.3316465631149044
692,692,465.5655212402344,462.6376786319301,2.9278426083042746,8,7,8,6,1.0,0,8.982042974027916,10.22646410822928
693,693,343.748291015625,349.11201171751384,5.3637207018888375,15,10,16,10,1.0,0,1.075965507182607,1.5153315708725805
694,694,355.5863037109375,351.6300446392681,3.9562590716694217,8,20,8,20,0.0,1,1.2050849725262593,1.943078519146877
695,695,319.3085021972656,313.37232965454206,5.936172542723568,15,20,16,20,1.0,0,0.583896128359422,0.831245095518009
696,696,341.2444152832031,335.60775631035955,5.636658972843577,9,0,7,5,5.385164807134504,0,1.0212764110806551,1.2976520701455552
697,697,319.76617431640625,320.2897227131003,0.5235483966940251,23,15,23,15,0.0,1,0.34375529790930737,0.46929747059592625
698,698,324.0649108886719,319.0717478708246,4.99316301784728,28,0,31,1,3.1622776601683795,0,1.159398984941469,1.5634746263866997
699,699,364.6134338378906,383.5930936030618,18.979659765171164,16,0,16,0,0.0,1,21.095454652323944,21.214807002351165
700,700,340.05181884765625,395.26183510714424,55.210016259487986,31,31,29,0,31.064449134018133,0,38.65049915463035,39.8370959948657
701,701,400.823486328125,378.5247829251429,22.298703402982085,10,5,10,5,0.0,1,17.7451218131778,17.936482733697222
702,702,322.8174743652344,323.4214792587541,0.6040048935197433,29,31,27,25,6.324555320336759,0,0.9609832670740668,1.197103890386355
703,703,318.995849609375,317.4241388155375,1.5717107938374966,0,28,0,28,0.0,1,0.6212395996690201,0.7478265449695609
704,704,367.1458740234375,388.2004015869856,21.054527563548106,3,12,3,12,0.0,1,1.2516294442914886,3.111786056369944
705,705,311.9759216308594,311.73274299776523,0.24317863309414633,17,8,20,0,8.54400374531753,0,0.3644247768372662,0.45894892465501425
706,706,343.4223937988281,350.41281605009203,6.990422251263908,17,1,17,1,0.0,1,0.77706281987696,1.330526200809777
707,707,423.2047119140625,429.3357752165424,6.131063302479902,31,31,30,23,8.06225774829855,0,4.380921983984597,5.030749002814408
708,708,301.2656555175781,300.61662839287055,0.6490271247075725,17,29,16,30,1.4142135623730951,0,0.55348430061629,0.6263848371928257
709,709,349.0108337402344,362.46745769023573,13.456623950001358,19,23,19,23,0.0,1,0.9891828898103904,1.6934695025001212
710,710,357.7727966308594,358.0593379068924,0.28654127603300594,5,24,5,24,0.0,1,1.5850107870424903,2.047688902146546
711,711,386.1724548339844,385.97040323827457,0.20205159570980413,12,10,11,7,3.1622776601683795,0,2.95093000885507,4.237585302521117
712,712,318.5442810058594,316.52102466520876,2.0232563406506188,17,0,16,0,1.0,0,0.8256549207565189,0.9340956363916587
713,713,346.02008056640625,340.85840233304947,5.161678233356781,24,4,25,4,1.0,0,1.6508618250866314,2.05927298723247
714,714,359.2613525390625,354.0590635168503,5.202289022212199,17,16,18,15,1.4142135623730951,0,1.7962339993689422,2.283318359193469
715,715,345.7342224121094,341.24362626402643,4.490596148082943,19,9,19,9,0.0,1,1.0404501303627005,1.441378818162311
716,716,321.38214111328125,316.7326678717259,4.64947324155537,18,21,18,21,0.0,1,0.4558448187933393,0.6202435970261767
717,717,360.946044921875,353.37330012102217,7.572744800852831,6,11,7,21,10.04987562112089,0,8.839009614338444,9.925366754099853
718,718,490.9290771484375,472.9938128247419,17.935264323695606,11,10,11,11,1.0,0,2.72968277298219,4.1389231452779365
719,719,335.3179931640625,342.60486291572266,7.286869751660163,0,5,0,4,1.0,0,0.7506670482941659,1.2299482403328628
720,720,379.2420349121094,381.66664240418896,2.4246074920795877,13,11,12,9,2.23606797749979,0,2.104949129889694,2.789376292749898
721,721,369.5498962402344,365.4875372866488,4.062358953585601,13,16,13,16,0.0,1,1.4300778806987169,1.7915946054569438
722,722,390.9953918457031,382.99229782637394,8.003094019329183,14,14,14,15,1.0,0,1.784498527685312,2.513452782102908
723,723,307.1675109863281,308.2793252942609,1.1118143079327751,16,16,31,14,15.132745950421556,0,1.5769884518710584,1.9277877409338027
724,724,447.994873046875,442.71415638089064,5.280716665984357,17,23,17,22,1.0,0,4.11107174486768,5.0654032834796
725,725,479.1221008300781,444.5732184002891,34.548882429789046,16,13,15,12,1.4142135623730951,0,3.9730879061751887,6.099931359814177
726,726,321.69268798828125,323.2640107133054,1.5713227250241744,5,30,3,30,2.0,0,1.0505373781563196,1.3075375361228427
727,727,316.1787109375,317.55016630594014,1.371455368440138,4,25,4,25,0.0,1,0.6236042041753616,0.8468471963344019
728,728,395.1768493652344,418.0916271030185,22.914777737784107,15,17,15,17,0.0,1,2.059659176113895,3.7029565472431485
729,729,344.82965087890625,333.41468680533404,11.414964073572207,13,14,13,14,0.0,1,3.0742081524282563,4.313177259896337
730,730,337.97357177734375,341.2926262799471,3.3190545026033647,29,9,28,9,1.0,0,2.151837514234858,2.57561738867168
731,731,314.27203369140625,316.68241518129656,2.4103814898903124,31,13,31,13,0.0,1,1.2412425890923746,1.34118258969079
732,732,342.0458068847656,353.618710858772,11.572903974006351,17,16,0,23,18.384776310850235,0,14.651226426121916,15.139526663440147
733,733,322.1595458984375,321.7762828701249,0.3832630283126264,24,24,25,30,6.082762530298219,0,1.2805397496028215,1.609324920202691
734,734,422.7965393066406,408.1127631863892,14.683776120251423,0,8,1,9,1.4142135623730951,0,2.745367797923323,3.633484673195433
735,735,333.9188537597656,325.55541441116367,8.363439348601958,0,8,0,8,0.0,1,1.584594542545783,1.7937928661759055
736,736,360.9787292480469,356.8898197766746,4.08890947137229,17,19,17,20,1.0,0,1.385322031254137,1.719807952061944
737,737,358.06011962890625,343.45032383053194,14.609795798374307,24,25,24,25,0.0,1,1.2123342695222745,1.864769128190228
738,738,344.0833435058594,343.8220869115499,0.26125659430948645,6,7,6,7,0.0,1,2.5913927123815617,2.998500411002483
739,739,351.6117858886719,350.17512982881476,1.436656059857114,14,16,13,16,1.0,0,1.4239108466098966,1.8031723169545044
740,740,425.7357482910156,450.6862006833788,24.95045239236316,14,19,13,20,1.4142135623730951,0,8.570083087809262,10.258359173224466
741,741,337.09075927734375,342.2460435082661,5.155284230922348,10,14,11,13,1.4142135623730951,0,1.6754316946950878,2.070526672331171
742,742,343.78704833984375,336.2274320227619,7.559616317081861,23,4,23,5,1.0,0,1.5838948265927209,2.250540138955122
743,743,325.5874328613281,326.60117067139834,1.0137378100702108,21,22,30,14,12.041594578792296,0,1.075863197279143,1.2834418634684632
744,744,384.6664123535156,388.6883370100318,4.021924656516148,14,19,15,18,1.4142135623730951,0,3.3205463451143986,4.161887286270496
745,745,329.537353515625,330.3161569958148,0.778803480189822,12,16,13,10,6.082762530298219,0,1.6395689414707142,1.9350653168264609
746,746,319.3223876953125,317.9928041392106,1.329583556101909,8,20,8,21,1.0,0,0.7539145503218465,0.9623728921598425
747,747,305.044189453125,301.0483654546203,3.9958239985047044,12,0,14,1,2.23606797749979,0,0.42533804976591383,0.6068165186325848
748,748,324.1517333984375,325.8690543610963,1.717320962658789,12,6,31,7,19.026297590440446,0,0.6228228835682328,0.7519019042716196
749,749,334.8623046875,335.4379552432407,0.5756505557407081,26,14,25,14,1.0,0,1.798097954879825,2.1886717813461627
750,750,345.6034240722656,338.1121101605452,7.491313911720397,7,9,7,9,0.0,1,1.4296840688599555,1.741568859297763
751,751,318.2034912109375,321.769325244155,3.565834033217527,10,24,10,24,0.0,1,0.35127405685667634,0.45492282696594716
752,752,397.9263916015625,399.809987761426,1.8835961598634867,11,6,11,6,0.0,1,1.7646230098948246,2.4679050048548725
753,753,316.35833740234375,316.02791962042744,0.3304177819163101,19,21,18,19,2.23606797749979,0,0.7311376873096258,0.9241161131823059
754,754,361.5124816894531,359.0664243586005,2.446057330852625,8,22,8,23,1.0,0,1.3409453133853988,1.845345345949488
755,755,376.2270202636719,339.97750519991,36.24951506376186,5,6,4,6,1.0,0,3.3050775595749853,4.323028942220996
756,756,325.3601989746094,320.7343674381278,4.6258315364815985,17,31,16,31,1.0,0,0.5340060146459116,0.6720594102984048
757,757,335.106689453125,349.3024027639145,14.195713310789472,28,31,30,30,2.23606797749979,0,2.048651482119655,2.862329745207497
758,758,355.9635925292969,356.3684918976797,0.4048993683828144,22,31,22,31,0.0,1,1.8685410758463816,2.1616693779753957
759,759,332.8954772949219,322.3627177318615,10.532759563060381,19,13,20,13,1.0,0,0.9135957958452212,1.2608582237781143
760,760,310.4490966796875,308.0887605663799,2.3603361133075964,17,14,16,14,1.0,0,0.3196848608249285,0.4354663125149872
761,761,334.3280029296875,338.819693076949,4.491690147261522,14,13,15,14,1.4142135623730951,0,1.990810508935385,2.431093128231849
762,762,356.130859375,351.90635411388746,4.22450526111254,15,31,15,31,0.0,1,2.9440778722016128,3.1796866379834547
763,763,327.8208923339844,329.49318860098316,1.672296266998785,4,28,3,27,1.4142135623730951,0,0.7417149709185089,0.982108366551269
764,764,311.7096862792969,311.93051273112815,0.2208264518312717,21,22,21,23,1.0,0,0.44053023220890564,0.5375711624655181
765,765,499.5790710449219,471.31126476877563,28.267806276146246,0,11,30,22,31.953090617340916,0,39.50802581375167,40.08655873525741
766,766,348.26153564453125,372.1439001139467,23.88236446941545,16,18,16,18,0.0,1,1.1728560718657084,2.405348788751474
767,767,394.85955810546875,418.0172265824181,23.157668476949368,7,13,8,13,1.0,0,4.6399165321038005,5.669721487426639
768,768,317.42352294921875,318.94981833785283,1.5262953886340824,12,18,15,26,8.54400374531753,0,1.4618775164713764,1.7925020038392891
769,769,390.2320251464844,405.0406644639478,14.808639317463417,0,31,0,30,1.0,0,10.473739092265808,10.887117719895356
770,770,343.2599792480469,350.00401148719453,6.744032239147657,20,20,20,20,0.0,1,3.1725700316946943,3.866690019208904
771,771,386.6448669433594,401.65471572960973,15.009848786250359,31,31,28,27,5.0,0,7.059596659148831,7.618963647287676
772,772,371.4947814941406,366.88534851169817,4.609432982442456,15,13,19,7,7.211102550927978,0,5.107153507329077,5.826787846368357
773,773,307.658203125,308.0915826067197,0.43337948171972585,22,0,22,1,1.0,0,0.4170641160057844,0.5880986538815045
774,774,313.8021240234375,310.4341886733808,3.3679353500567117,21,22,19,21,2.23606797749979,0,0.3781840070668389,0.48930825380778287
775,775,338.1773376464844,339.1024198025507,0.9250821560663098,31,23,31,23,0.0,1,0.8657707261067638,1.1854330851067325
776,776,356.3581848144531,355.22534974187465,1.132835072578473,13,18,13,19,1.0,0,2.4221166246913945,2.8752281142306915
777,777,372.8757629394531,389.69592018261415,16.82015724316102,0,31,2,31,2.0,0,1.8046996154624475,2.6576628125054795
778,778,336.28533935546875,342.5722147223031,6.2868753668343516,11,6,11,6,0.0,1,1.2984860970711718,1.763765084614134
779,779,384.0609130859375,407.10824306573033,23.047329979792835,10,18,10,18,0.0,1,4.666759841263795,5.746504640629942
780,780,414.6951599121094,409.7014589680571,4.99370094405225,23,19,23,19,0.0,1,4.4685107700085185,5.2114067306040495
781,781,322.56768798828125,316.5471657352818,6.020522252999456,11,31,13,31,2.0,0,0.8554673914516546,1.110253530375413
782,782,345.3647155761719,344.6664873649639,0.6982282112079474,15,20,17,16,4.47213595499958,0,2.1078389215612647,2.5685788852515454
783,783,337.7276611328125,332.8055752008739,4.922085931938625,7,10,7,10,0.0,1,1.3709776751985592,1.740703376369804
784,784,312.94549560546875,314.34478164174686,1.399286036278113,28,0,31,1,3.1622776601683795,0,0.6339127506298239,0.7524374254808002
785,785,326.38409423828125,326.34226861941835,0.04182561886290159,6,26,6,27,1.0,0,0.8350598659782611,1.2602168159994758
786,786,320.2131652832031,318.5933723938464,1.619792889356745,21,25,21,25,0.0,1,0.5093533246863414,0.738528957972596
787,787,323.66131591796875,330.09388560952016,6.432569691551407,9,23,9,23,0.0,1,3.115666838150447,3.46144594712445
788,788,453.5934143066406,443.22536548787355,10.368048818767079,23,20,24,20,1.0,0,4.004536068326901,4.994704719609392
789,789,306.402587890625,306.8079508897718,0.40536299914680285,5,11,26,27,26.40075756488817,0,0.7353193371950126,0.8782483916849502
790,790,347.2625732421875,354.04387352903103,6.781300286843532,7,6,12,0,7.810249675906654,0,2.0108695337702045,2.720092238812599
791,791,330.8106384277344,351.2234463758485,20.412807948114107,5,11,2,12,3.1622776601683795,0,4.692306821590645,6.502750291606528
792,792,325.4861755371094,326.8019681526201,1.315792615510702,7,21,7,21,0.0,1,0.8330048445630597,1.0106681734058416
793,793,384.22857666015625,405.2886437562967,21.06006709614047,10,15,9,30,15.033296378372908,0,15.593053028683354,15.851809919002845
794,794,328.8291320800781,334.4980247977336,5.668892717655467,16,19,16,20,1.0,0,0.5329217879542929,0.7513279833022034
795,795,306.7973327636719,303.451091732319,3.3462410313528608,6,0,14,26,27.202941017470888,0,1.2774153327786122,1.5566805896714582
796,796,471.5029296875,446.13833399218635,25.364595695313653,9,2,8,2,1.0,0,4.9068441476206575,7.081628706229388
797,797,334.4447937011719,337.13154423468563,2.6867505335137594,8,0,31,7,24.041630560342615,0,1.5502612224036005,1.8785114795738593
798,798,483.0802307128906,431.8615095655306,51.21872114736004,18,20,24,19,6.082762530298219,0,32.8985864621665,35.377223863880765
799,799,307.3152770996094,307.31225407551574,0.003023024093636195,13,16,13,16,0.0,1,0.3165645669898426,0.4508854530138231
